text,label
신경학적 손상과 동반된 척추 골절 상태가 관찰되는 환자가 있습니다,1
현재 태아의 일부분이 보이거나 탯줄 탈출 증상을 가진 환자가 위급 상태입니다,1
환자가 지금 발작 중 상태로 응급실에 방문했습니다,1
호흡정지 상태가 관찰되는 환자가 있습니다,1
현재 중증호흡곤란 증상을 가진 환자가 위급 상태입니다,1
현재 심정지(외상성) 증상을 가진 환자가 위급 상태입니다,1
환자가 중증 호흡곤란 증상을 보이며 위급 상태로 분류되었습니다,1
현재 쇼크 증상을 가진 환자가 위급 상태입니다,1
자신 혹은 타인을 해치려는 구체적인 계획인 있거나 충동을 억제할 수 없는 상태을 호소하는 환자가 있습니다,1
위급 상태로 분류된 환자가 사지의 외상성 절단 증상을 보이고 있습니다,1
환자가 심정지(외상성) 상태로 응급실에 방문했습니다,1
조절되지 않는 행동 상태가 관찰되는 환자가 있습니다,1
위급 상태로 분류된 환자가 중증탈수 증상을 보이고 있습니다,1
위급 상태로 분류된 환자가 체표면적 25% 이상의 중증 화상 증상을 보이고 있습니다,1
"신경학적 손상과 동반된 척추 골절, 두부의 관통상 상태가 관찰되는 환자가 있습니다",1
환자가 체표면적 25% 이상의 중증 화상 증상을 보이며 위급 상태로 분류되었습니다,1
중증탈수을 호소하는 환자가 있습니다,1
태아의 일부분이 보이거나 탯줄 탈출 상태가 관찰되는 환자가 있습니다,1
심정지(비외상성) 상태가 관찰되는 환자가 있습니다,1
자신 혹은 타인을 해치려는 구체적인 계획인 있거나 충동을 억제할 수 없는 상태 상태가 관찰되는 환자가 있습니다,1
환자가 중증탈수 증상을 보이며 위급 상태로 분류되었습니다,1
환자가 무의식(GCS 3-8) 증상을 보이며 위급 상태로 분류되었습니다,1
환자가 태아의 일부분이 보이거나 탯줄 탈출 증상을 보이며 위급 상태로 분류되었습니다,1
조절되지 않는 행동을 호소하는 환자가 있습니다,1
경련중 상태가 관찰되는 환자가 있습니다,1
위급 상태로 분류된 환자가 지금 발작 중 증상을 보이고 있습니다,1
중증호흡곤란을 호소하는 환자가 있습니다,1
위급 상태로 분류된 환자가 자신 혹은 타인을 해치려는 구체적인 계획인 있거나 충동을 억제할 수 없는 상태 증상을 보이고 있습니다,1
환자가 중증호흡곤란 상태로 응급실에 방문했습니다,1
"신경학적 손상과 동반된 척추 골절, 두부의 관통상을 호소하는 환자가 있습니다",1
위급 상태로 분류된 환자가 중증 탈수 증상을 보이고 있습니다,1
현재 신경학적 손상과 동반된 척추 골절 증상을 가진 환자가 위급 상태입니다,1
환자가 임신과 관련된 다량의 질출혈 상태로 응급실에 방문했습니다,1
환자가 심정지(비외상성) 상태로 응급실에 방문했습니다,1
환자가 태아의 일부분이 보이거나 탯줄 탈출 상태로 응급실에 방문했습니다,1
호흡정지을 호소하는 환자가 있습니다,1
환자가 사지의 외상성 절단 증상을 보이며 위급 상태로 분류되었습니다,1
싸움 또는 안전하지 않은 상황을 호소하는 환자가 있습니다,1
임신말기의 질출혈을 호소하는 환자가 있습니다,1
임신과 관련된 다량의 질출혈 상태가 관찰되는 환자가 있습니다,1
환자가 사지의 외상성 절단 상태로 응급실에 방문했습니다,1
사지의 외상성 절단을 호소하는 환자가 있습니다,1
임신과 관련된 다량의 질출혈을 호소하는 환자가 있습니다,1
위급 상태로 분류된 환자가 호흡정지 증상을 보이고 있습니다,1
위급 상태로 분류된 환자가 임신말기의 질출혈 증상을 보이고 있습니다,1
중증 호흡곤란 상태가 관찰되는 환자가 있습니다,1
환자가 싸움 또는 안전하지 않은 상황 증상을 보이며 위급 상태로 분류되었습니다,1
환자가 임신과 관련된 다량의 질출혈 증상을 보이며 위급 상태로 분류되었습니다,1
환자가 조절되지 않는 행동 상태로 응급실에 방문했습니다,1
환자가 임신말기의 질출혈 증상을 보이며 위급 상태로 분류되었습니다,1
중증탈수 상태가 관찰되는 환자가 있습니다,1
현재 체표면적 25% 이상의 중증 화상 증상을 가진 환자가 위급 상태입니다,1
환자가 조절되지 않는 행동 증상을 보이며 위급 상태로 분류되었습니다,1
현재 중증탈수 증상을 가진 환자가 위급 상태입니다,1
현재 임신과 관련된 다량의 질출혈 증상을 가진 환자가 위급 상태입니다,1
환자가 호흡정지 상태로 응급실에 방문했습니다,1
심정지(비외상성)을 호소하는 환자가 있습니다,1
무의식(GCS 3-8) 상태가 관찰되는 환자가 있습니다,1
환자가 경련중 증상을 보이며 위급 상태로 분류되었습니다,1
환자가 중증탈수 상태로 응급실에 방문했습니다,1
심정지(외상성) 상태가 관찰되는 환자가 있습니다,1
환자가 지금 발작 중 증상을 보이며 위급 상태로 분류되었습니다,1
임신말기의 질출혈 상태가 관찰되는 환자가 있습니다,1
무의식(GCS 3-8)을 호소하는 환자가 있습니다,1
위급 상태로 분류된 환자가 중증 호흡곤란 증상을 보이고 있습니다,1
"위급 상태로 분류된 환자가 신경학적 손상과 동반된 척추 골절, 두부의 관통상 증상을 보이고 있습니다",1
지금 발작 중 상태가 관찰되는 환자가 있습니다,1
환자가 체표면적 25% 이상의 중증 화상 상태로 응급실에 방문했습니다,1
쇼크을 호소하는 환자가 있습니다,1
경련중을 호소하는 환자가 있습니다,1
현재 중증 탈수 증상을 가진 환자가 위급 상태입니다,1
환자가 중증 탈수 상태로 응급실에 방문했습니다,1
현재 심정지(비외상성) 증상을 가진 환자가 위급 상태입니다,1
지금 발작 중을 호소하는 환자가 있습니다,1
신경학적 손상과 동반된 척추 골절을 호소하는 환자가 있습니다,1
현재 호흡정지 증상을 가진 환자가 위급 상태입니다,1
위급 상태로 분류된 환자가 싸움 또는 안전하지 않은 상황 증상을 보이고 있습니다,1
환자가 중증 탈수 증상을 보이며 위급 상태로 분류되었습니다,1
위급 상태로 분류된 환자가 조절되지 않는 행동 증상을 보이고 있습니다,1
환자가 심정지(외상성) 증상을 보이며 위급 상태로 분류되었습니다,1
현재 무의식(GCS 3-8) 증상을 가진 환자가 위급 상태입니다,1
위급 상태로 분류된 환자가 심정지(비외상성) 증상을 보이고 있습니다,1
위급 상태로 분류된 환자가 쇼크 증상을 보이고 있습니다,1
환자가 경련중 상태로 응급실에 방문했습니다,1
환자가 자신 혹은 타인을 해치려는 구체적인 계획인 있거나 충동을 억제할 수 없는 상태 증상을 보이며 위급 상태로 분류되었습니다,1
위급 상태로 분류된 환자가 임신과 관련된 다량의 질출혈 증상을 보이고 있습니다,1
현재 지금 발작 중 증상을 가진 환자가 위급 상태입니다,1
현재 사지의 외상성 절단 증상을 가진 환자가 위급 상태입니다,1
체표면적 25% 이상의 중증 화상 상태가 관찰되는 환자가 있습니다,1
현재 싸움 또는 안전하지 않은 상황 증상을 가진 환자가 위급 상태입니다,1
위급 상태로 분류된 환자가 태아의 일부분이 보이거나 탯줄 탈출 증상을 보이고 있습니다,1
현재 조절되지 않는 행동 증상을 가진 환자가 위급 상태입니다,1
환자가 중증 호흡곤란 상태로 응급실에 방문했습니다,1
환자가 호흡정지 증상을 보이며 위급 상태로 분류되었습니다,1
위급 상태로 분류된 환자가 심정지(외상성) 증상을 보이고 있습니다,1
현재 경련중 증상을 가진 환자가 위급 상태입니다,1
환자가 무의식(GCS 3-8) 상태로 응급실에 방문했습니다,1
중증호흡곤란 상태가 관찰되는 환자가 있습니다,1
"환자가 신경학적 손상과 동반된 척추 골절, 두부의 관통상 증상을 보이며 위급 상태로 분류되었습니다",1
"환자가 신경학적 손상과 동반된 척추 골절, 두부의 관통상 상태로 응급실에 방문했습니다",1
사지 말단 부위에 맥박이 없고 차가움 상태가 관찰되는 환자가 있습니다,2
심각 상태로 분류된 환자가 아스피린 복용 가능성 있음 증상을 보이고 있습니다,2
"심각 상태로 분류된 환자가 기타 중요한 가슴통증(잡아째는, 찢어지는 통증) 증상을 보이고 있습니다",2
">324mg/dl, 증상 있음을 호소하는 환자가 있습니다",2
심각 상태로 분류된 환자가 체표면적 25%이상의 화상 증상을 보이고 있습니다,2
심각 상태로 분류된 환자가 심인성 통증 증상을 보이고 있습니다,2
환자가 출혈성 질환(생명이나 사지에 위급한 출혈) 증상을 보이며 심각 상태로 분류되었습니다,2
"환자가 관통손상이나 화학물질, 직접적인 고열에 의한 손상 증상을 보이며 심각 상태로 분류되었습니다",2
"환자가 손,발,얼굴,회음부 부위의 부분 2도 이상의 화상 증상을 보이며 심각 상태로 분류되었습니다",2
"고혈압(수축기혈압≥220혹은이완기혈압≥ 130)증상있음+다음중한가지존재(숨이참,가 슴통증,혼미,급성두통,구역/구토) 상태가 관찰되는 환자가 있습니다",2
환자가 급성/갑작스런 시력 장애 상태로 응급실에 방문했습니다,2
환자가 발작 후 상태 증상을 보이며 심각 상태로 분류되었습니다,2
치아박리(최근 발생하였으며 온전한 치아가 존재)을 호소하는 환자가 있습니다,2
환자가 심인성 통증 상태로 응급실에 방문했습니다,2
발작 후 상태 상태가 관찰되는 환자가 있습니다,2
중등도 탈수을 호소하는 환자가 있습니다,2
"입술, 혀, 입인두의 명백한 부종/부기 상태가 관찰되는 환자가 있습니다",2
"환자가 임신주수>20주, 두통±부종±복부통증± 고혈압 증상을 보이며 심각 상태로 분류되었습니다",2
환자가 목쉰 소리와 언어장애 증상을 보이며 심각 상태로 분류되었습니다,2
환자가 임신과 관련없는 다량의 질출혈 상태로 응급실에 방문했습니다,2
"현재 손,발, 샅고랑 부위(Groin), 얼굴의 중증 화상 증상을 가진 환자가 심각 상태입니다",2
환자가 치명적일수 있는 부정맥의 병력이나 기록 상태로 응급실에 방문했습니다,2
"열,면역억제 상태을 호소하는 환자가 있습니다",2
급성/갑작스런 시력 장애 상태가 관찰되는 환자가 있습니다,2
환자가 절단 상태로 응급실에 방문했습니다,2
환자가 발병시간<3시간 증상을 보이며 심각 상태로 분류되었습니다,2
현재 새로운 국소적 신경학적 증상 증상을 가진 환자가 심각 상태입니다,2
"환자가 얼굴 연조직염, 안와주위부 포함 상태로 응급실에 방문했습니다",2
"현재 머리,가슴,복부의 관통상 증상을 가진 환자가 심각 상태입니다",2
"환자가 >324mg/dl, 증상 있음 증상을 보이며 심각 상태로 분류되었습니다",2
"얼굴 연조직염, 안와주위부 포함 상태가 관찰되는 환자가 있습니다",2
환자가 중증 알러지 반응의 기왕력 상태로 응급실에 방문했습니다,2
환자가 의식변화(GCS 9-13) 증상을 보이며 심각 상태로 분류되었습니다,2
"환자가 열,면역억제 상태 증상을 보이며 심각 상태로 분류되었습니다",2
혈역학적 장애 상태가 관찰되는 환자가 있습니다,2
현재 출혈성 질환(생명이나 사지에 위급한 증상을 가진 환자가 심각 상태입니다,2
환자가 <2시간 상태로 응급실에 방문했습니다,2
"화학물질 노출,눈 상태가 관찰되는 환자가 있습니다",2
"현재 관통손상이나 화학물질, 직접적인 고열에 의한 손상 증상을 가진 환자가 심각 상태입니다",2
심각 상태로 분류된 환자가 두통 또는 의식상태의 변화를 동반한 급성 착란 증상을 보이고 있습니다,2
눈에 이물질이 튄 후 증상 있음을 호소하는 환자가 있습니다,2
체표면적 25%이상의 화상을 호소하는 환자가 있습니다,2
심각 상태로 분류된 환자가 면역억제 상태 증상을 보이고 있습니다,2
"심각 상태로 분류된 환자가 임신주수>20주, 두통±부종±복부통증± 고혈압 증상을 보이고 있습니다",2
현재 단독 복부외상 - 관통상 증상을 가진 환자가 심각 상태입니다,2
현재 패혈증 의증(3 SIRS 기준만족) 증상을 가진 환자가 심각 상태입니다,2
"손,발,얼굴,회음부 부위의 부분 2도 이상의 화상을 호소하는 환자가 있습니다",2
면역억제 상태을 호소하는 환자가 있습니다,2
현재 출혈성 질환(생명이나 사지에 위급한 출혈) 증상을 가진 환자가 심각 상태입니다,2
"심각 상태로 분류된 환자가 최근발작, 발작 후 상태, 초조 증상을 보이고 있습니다",2
심각 상태로 분류된 환자가 계획적인 자살시도 증상을 보이고 있습니다,2
운동 중 발생함을 호소하는 환자가 있습니다,2
"얼굴 연조직염, 특히 안와주위 상태가 관찰되는 환자가 있습니다",2
이전 중증의 기왕력을 호소하는 환자가 있습니다,2
심각 상태로 분류된 환자가 시력장애 ± 안구통증 증상을 보이고 있습니다,2
급성 또는 갑작스런 시력변화 상태가 관찰되는 환자가 있습니다,2
혈중 글루코스<54mg/dl 이고 관련증상을 동반을 호소하는 환자가 있습니다,2
환자가 전구증상 없음 상태로 응급실에 방문했습니다,2
현재 두드러진 또는 중요한 토혈 증상을 가진 환자가 심각 상태입니다,2
환자가 많은양의 흑색변 또는 직장출혈 상태로 응급실에 방문했습니다,2
"현재 화학물질 노출,눈 증상을 가진 환자가 심각 상태입니다",2
아스피린 복용 가능성 있음 상태가 관찰되는 환자가 있습니다,2
"현재 급성,중증, 지금까지 경험했던 두통 중 가장 심함 증상을 가진 환자가 심각 상태입니다",2
환자가 중등도 탈수 증상을 보이며 심각 상태로 분류되었습니다,2
현재 전구증상 없음 증상을 가진 환자가 심각 상태입니다,2
고위험 물질/알 수 없는 물질 상태가 관찰되는 환자가 있습니다,2
심각 상태로 분류된 환자가 도주의 가능성이나 안전에 대한 위험 증상을 보이고 있습니다,2
현재 신경학적 손상 ±장과 방광의 기능장애 증상을 가진 환자가 심각 상태입니다,2
환자가 적절한 지혈에도 멈추지 않는 코피 증상을 보이며 심각 상태로 분류되었습니다,2
목쉰소리와 언어장애을 호소하는 환자가 있습니다,2
급성/갑작스런 시력변화을 호소하는 환자가 있습니다,2
심각 상태로 분류된 환자가 이전 중증의 기왕력 증상을 보이고 있습니다,2
현재 이전 중증의 기왕력 증상을 가진 환자가 심각 상태입니다,2
발작 후 상태을 호소하는 환자가 있습니다,2
현재 중증 불안/초조 증상을 가진 환자가 심각 상태입니다,2
"환자가 급성 정신병, 중증 불안/초조, 도주의 가능성이나 안전에 대한 위험 증상을 보이며 심각 상태로 분류되었습니다",2
환자가 두드러진 또는 중요한 토혈 증상을 보이며 심각 상태로 분류되었습니다,2
침흘림 또는 협착음 상태가 관찰되는 환자가 있습니다,2
환자가 자세변화에 의해 유발되지 않음 ±신경학적 증상의 동반 상태로 응급실에 방문했습니다,2
현재 손가락의 외상성 절단 증상을 가진 환자가 심각 상태입니다,2
심각 상태로 분류된 환자가 적절한 지혈에도 멈추지 않는 코피 증상을 보이고 있습니다,2
환자가 단독 흉부외상-관통상 증상을 보이며 심각 상태로 분류되었습니다,2
환자가 급성/갑작스런 시력변화 상태로 응급실에 방문했습니다,2
"얼굴 연조직염, 안와주위부 포함을 호소하는 환자가 있습니다",2
심각 상태로 분류된 환자가 급성 또는 갑작스런 시력변화 증상을 보이고 있습니다,2
현재 의식변화(GCS 9-13) 증상을 가진 환자가 심각 상태입니다,2
환자가 신경혈관장애 상태로 응급실에 방문했습니다,2
"현재 >324mg/dl, 증상 있음 증상을 가진 환자가 심각 상태입니다",2
현재 지속발기증 증상을 가진 환자가 심각 상태입니다,2
두드러진 또는 중요한 토혈 상태가 관찰되는 환자가 있습니다,2
환자가 계획적인 자살시도 증상을 보이며 심각 상태로 분류되었습니다,2
손가락의 외상성 절단을 호소하는 환자가 있습니다,2
"심각 상태로 분류된 환자가 적절한압박에도멈추지않는코피,또는관련 된내과적기저질환이있는경우 증상을 보이고 있습니다",2
"환자가 임신주수>20주, 태동없음/태아심음없음 증상을 보이며 심각 상태로 분류되었습니다",2
심각 상태로 분류된 환자가 둔상에 의한 시력소실 증상을 보이고 있습니다,2
자세변화에 의해 유발되지 않음 ±신경학적 증상의 동반 상태가 관찰되는 환자가 있습니다,2
의식변화(GCS 9-13) 상태가 관찰되는 환자가 있습니다,2
"심각 상태로 분류된 환자가 이상감각, 신경학적 징후 증상을 보이고 있습니다",2
"환자가 급성 정신병, 중증 불안/초조, 도주의 가능성이나 안전에 대한 위험 상태로 응급실에 방문했습니다",2
현재 급성/갑작스런 시력 장애 증상을 가진 환자가 심각 상태입니다,2
환자가 지속적인 구토 증상을 보이며 중증 상태로 분류되었습니다,3
고혈압(수축기혈압 200-220 그리고 이완기혈압 110-130) 고혈압 증상 동반 상태가 관찰되는 환자가 있습니다,3
피부가 창백함을 호소하는 환자가 있습니다,3
환자가 명백한 피부손상 없음 상태로 응급실에 방문했습니다,3
"중증 상태로 분류된 환자가 급성발병, 지속되는 증상 증상을 보이고 있습니다",3
질출혈-정상활력징후 상태가 관찰되는 환자가 있습니다,3
경증탈수을 호소하는 환자가 있습니다,3
중증 상태로 분류된 환자가 고혈압(수축기혈압≥220 혹은 이완기혈압≥130) 동반된 다른 증상 없음 증상을 보이고 있습니다,3
"환자가 성폭행, 안정되어 있음 증상을 보이며 중증 상태로 분류되었습니다",3
"중증 상태로 분류된 환자가 적은양, 정상 활력징후 증상을 보이고 있습니다",3
호흡곤란 없는 연하장애을 호소하는 환자가 있습니다,3
환자가 질출혈 (활력징후 정상) 증상을 보이며 중증 상태로 분류되었습니다,3
중증 상태로 분류된 환자가 육체적 폭행 또는 성폭행 증상을 보이고 있습니다,3
중증 상태로 분류된 환자가 의식소실의 병력 증상을 보이고 있습니다,3
"환자가 임신주수>20주, 양수 누출 가능성 증상을 보이며 중증 상태로 분류되었습니다",3
현재 급성발병 증상을 가진 환자가 중증 상태입니다,3
환자가 만성 중심성 중증 통증(8-10) 상태로 응급실에 방문했습니다,3
환자가 중요한 체중감소 상태로 응급실에 방문했습니다,3
경증호흡곤란 상태가 관찰되는 환자가 있습니다,3
환자가 분만(자궁수축>2분) 상태로 응급실에 방문했습니다,3
연하장애을 호소하는 환자가 있습니다,3
"환자가 적은양, 정상 활력징후 증상을 보이며 중증 상태로 분류되었습니다",3
환자가 전구증상 후 발병 또는 급격한 자세변화시 발병 증상을 보이며 중증 상태로 분류되었습니다,3
환자가 고혈압(수축기혈압 200-220 그리고 이완기혈압 110-130) 고혈압 증상 동반 증상을 보이며 중증 상태로 분류되었습니다,3
현재 비정상 맥박수/맥박압 (혈역학적으로 안정) 증상을 가진 환자가 중증 상태입니다,3
중증 상태로 분류된 환자가 명백한 변형 증상을 보이고 있습니다,3
구체적 계획이 없는 폭력적인 생각(ideation)을 호소하는 환자가 있습니다,3
현재 중등도 양의 흑색변 또는 직장출혈 증상을 가진 환자가 중증 상태입니다,3
중증 상태로 분류된 환자가 경증 호흡곤란 증상을 보이고 있습니다,3
환자가 경증탈수 상태로 응급실에 방문했습니다,3
"중증 상태로 분류된 환자가 석고붕대가 꽉 끼어 아프고, 신경혈관 장애를 동반함 증상을 보이고 있습니다",3
이물질의 가능성을 호소하는 환자가 있습니다,3
장기간의 척추고정을 호소하는 환자가 있습니다,3
급성 말초성 중증 통증(8-10) 상태가 관찰되는 환자가 있습니다,3
환자가 비정상 맥박수/맥박압 (혈역학적으로 안정) 증상을 보이며 중증 상태로 분류되었습니다,3
환자가 급성 말초성 중증 통증 (8-10) 상태로 응급실에 방문했습니다,3
환자가 두통 또는 의식상태의 변화를 동반하지 않는 급성착란 상태로 응급실에 방문했습니다,3
중증 상태로 분류된 환자가 급성 말초성 중증 통증(8-10) 증상을 보이고 있습니다,3
중증 상태로 분류된 환자가 급성 말초성 중증 통증 (8-10) 증상을 보이고 있습니다,3
"환자가 육체적 학대, 정신적 학대, 심각한 감정적 스트레스 상태로 응급실에 방문했습니다",3
질출혈 (활력징후 정상)을 호소하는 환자가 있습니다,3
중증 상태로 분류된 환자가 명백한 피부손상 없음 증상을 보이고 있습니다,3
"중증 상태로 분류된 환자가 성폭행, 안정되어 있음 증상을 보이고 있습니다",3
경증탈수 상태가 관찰되는 환자가 있습니다,3
"석고붕대가 꽉 끼어 아프고, 신경혈관 장애를 동반함 상태가 관찰되는 환자가 있습니다",3
급성 중심성 중등도 통증(4-7) 상태가 관찰되는 환자가 있습니다,3
"현재 자세변화에 의해 발생, 다른 신경학적 증상 없음 증상을 가진 환자가 중증 상태입니다",3
"현재 성폭행, 안정되어 있음 증상을 가진 환자가 중증 상태입니다",3
"환자가 회복된 상태, 명료한의식 상태로 응급실에 방문했습니다",3
현재 육체적 폭행 또는 성폭행 증상을 가진 환자가 중증 상태입니다,3
환자가 >= 2시간부터 <12시간 증상을 보이며 중증 상태로 분류되었습니다,3
환자가 중증외상-관통상 증상을 보이며 중증 상태로 분류되었습니다,3
>= 2시간부터 <12시간 상태가 관찰되는 환자가 있습니다,3
5-25% 체표면적의 화상 상태가 관찰되는 환자가 있습니다,3
환자가 예측 FEV1 혹은 PEER이 40-60%인 알려진 천식(중등도) 증상을 보이며 중증 상태로 분류되었습니다,3
현재 중등도 불안/초조 증상을 가진 환자가 중증 상태입니다,3
비정상 맥박수/맥박압 (혈역학적으로 안정) 상태가 관찰되는 환자가 있습니다,3
"중증 상태로 분류된 환자가 아파보임,<3 SIRS 기준 만족 증상을 보이고 있습니다",3
현재 질출혈-정상활력징후 증상을 가진 환자가 중증 상태입니다,3
중증 상태로 분류된 환자가 압박으로 지혈된 코피 증상을 보이고 있습니다,3
"중증 상태로 분류된 환자가 임신주수>20주, 양수 누출 가능성 증상을 보이고 있습니다",3
환자가 커피찌꺼기 모양 구토/흑색변 증상을 보이며 중증 상태로 분류되었습니다,3
현재 광범위한 염증 증상을 가진 환자가 중증 상태입니다,3
중등도 양의 흑색변 또는 직장출혈을 호소하는 환자가 있습니다,3
중증 상태로 분류된 환자가 경증탈수 증상을 보이고 있습니다,3
환자가 피부가 창백함 상태로 응급실에 방문했습니다,3
청색증 상태가 관찰되는 환자가 있습니다,3
예측 FEV1 혹은 PEER이 40-60%인 알려진 천식(중등도)을 호소하는 환자가 있습니다,3
환자가 커피찌꺼기모양 구토/흑색변 상태로 응급실에 방문했습니다,3
"환자가 회복된 상태, 명료한의식 증상을 보이며 중증 상태로 분류되었습니다",3
고혈압(수축기혈압≥220 혹은 이완기혈압≥130) 동반된 다른 증상 없음 상태가 관찰되는 환자가 있습니다,3
"환자가 육체적 학대, 정신적 학대, 심각한 감정적 스트레스 증상을 보이며 중증 상태로 분류되었습니다",3
이물질의 가능성 상태가 관찰되는 환자가 있습니다,3
환자가 분만(자궁수축>2분) 증상을 보이며 중증 상태로 분류되었습니다,3
명백한 변형 상태가 관찰되는 환자가 있습니다,3
"환자가 연기나 기타 물질 흡입, 호흡곤란 없음 상태로 응급실에 방문했습니다",3
환자가 중등도 불안/초조 상태로 응급실에 방문했습니다,3
">324mg/dl, 무증상 상태가 관찰되는 환자가 있습니다",3
현재 예측 FEV1 혹은 PEER이 40-60%인 알려진 천식(중등도) 증상을 가진 환자가 중증 상태입니다,3
중증 상태로 분류된 환자가 구체적인 계획이 없는 자살관념 증상을 보이고 있습니다,3
환자가 광범위한 염증 상태로 응급실에 방문했습니다,3
경증 호흡곤란 상태가 관찰되는 환자가 있습니다,3
"현재 적은양, 정상 활력징후 증상을 가진 환자가 중증 상태입니다",3
"환자가 석고붕대가 꽉 끼어 아프고, 신경혈관 장애를 동반함 증상을 보이며 중증 상태로 분류되었습니다",3
중증 상태로 분류된 환자가 5-25% 체표면적의 화상 증상을 보이고 있습니다,3
현재 명백한 피부손상 없음 증상을 가진 환자가 중증 상태입니다,3
외상없이 저절로 멍듦을 호소하는 환자가 있습니다,3
현재 압박으로 지혈된 코피 증상을 가진 환자가 중증 상태입니다,3
"환자가 저위험 노출, 속이 빈 주사바늘이 아닌경우 또는 저위험 감염원에서 액체가 튐 상태로 응급실에 방문했습니다",3
"현재 연기나 기타 물질 흡입, 호흡곤란 없음 증상을 가진 환자가 중증 상태입니다",3
중요한 체중감소 상태가 관찰되는 환자가 있습니다,3
환자가 의식소실의 병력 상태로 응급실에 방문했습니다,3
환자가 비정상 맥박수/맥박압 (혈역학적으로 안정) 상태로 응급실에 방문했습니다,3
환자가 고혈압(수축기혈압 200-220 그리고 이완기혈압 110-130) 고혈압 증상 동반 상태로 응급실에 방문했습니다,3
중증 상태로 분류된 환자가 급성발병 증상을 보이고 있습니다,3
중등도 불안/초조 또는 편집증(Paranoia)을 동반을 호소하는 환자가 있습니다,3
중증 상태로 분류된 환자가 만성 중심성 중증 통증(8-10) 증상을 보이고 있습니다,3
환자가 호흡곤란 없는 연하장애 상태로 응급실에 방문했습니다,3
중증 상태로 분류된 환자가 출혈성 질환(중등도나 경증의 출혈) 증상을 보이고 있습니다,3
현재 전구증상 후 발병 또는 급격한 자세변화시 발병 증상을 가진 환자가 중증 상태입니다,3
경증 상태로 분류된 환자가 알려진 저독성 물질 증상을 보이고 있습니다,4
임신주수>20주을 호소하는 환자가 있습니다,4
환자가 소변 배출장애 상태로 응급실에 방문했습니다,4
눈부심을 호소하는 환자가 있습니다,4
적은양의 직장출혈 상태가 관찰되는 환자가 있습니다,4
"객혈, 건강해보임 상태가 관찰되는 환자가 있습니다",4
"현재 고혈압(수축기혈압 200-220와 이완기혈압 110-130), 무증상 증상을 가진 환자가 경증 상태입니다",4
만성떨림을 호소하는 환자가 있습니다,4
현재 국소성 연조직염 증상을 가진 환자가 경증 상태입니다,4
환자가 임신주수>20주 증상을 보이며 경증 상태로 분류되었습니다,4
의식소실의 병력이 없음을 호소하는 환자가 있습니다,4
예측 FEV1 혹은 PEER이 60%이상인 알려진 천식(경증) 상태가 관찰되는 환자가 있습니다,4
"현재 석고붕대가 꽉 끼어 아프지만, 신경혈관 장애는 없음 증상을 가진 환자가 경증 상태입니다",4
"부종, 전신성, 정상활력 상태가 관찰되는 환자가 있습니다",4
"환자가 객혈, 건강해보임 증상을 보이며 경증 상태로 분류되었습니다",4
다뇨증 상태가 관찰되는 환자가 있습니다,4
"심계항진 병력, 현재는 회복된 상태 상태가 관찰되는 환자가 있습니다",4
"식욕부진, 건강해보임을 호소하는 환자가 있습니다",4
"숨참, 호흡곤란 없음을 호소하는 환자가 있습니다",4
"우울함, 자살 생각은 없음 상태가 관찰되는 환자가 있습니다",4
이명을 호소하는 환자가 있습니다,4
환자가 만성쇠약 증상을 보이며 경증 상태로 분류되었습니다,4
현재 >= 12시간; 손상없음 증상을 가진 환자가 경증 상태입니다,4
"동상없음, 정상 활력징후 상태가 관찰되는 환자가 있습니다",4
"숨참, 호흡곤란 없음 상태가 관찰되는 환자가 있습니다",4
만성쇠약을 호소하는 환자가 있습니다,4
환자가 급성 말초성 중등도 통증(4-7) 상태로 응급실에 방문했습니다,4
탈수의 가능성 있음 상태가 관찰되는 환자가 있습니다,4
환자가 임신주수<20주 증상을 보이며 경증 상태로 분류되었습니다,4
현재 알려진 저독성 물질 증상을 가진 환자가 경증 상태입니다,4
임신주수<20주 상태가 관찰되는 환자가 있습니다,4
현재 급성 말초성 중등도 통증(4-7) 증상을 가진 환자가 경증 상태입니다,4
환자가 활력징후가 정상이며 기저 질환이 없는 잇몸출혈 증상을 보이며 경증 상태로 분류되었습니다,4
열 상태가 관찰되는 환자가 있습니다,4
환자가 출혈이 동반된 찰과상 증상을 보이며 경증 상태로 분류되었습니다,4
환자가 >= 12시간; 손상없음 증상을 보이며 경증 상태로 분류되었습니다,4
환자가 다뇨증 증상을 보이며 경증 상태로 분류되었습니다,4
환자가 출혈이 동반된 찰과상 상태로 응급실에 방문했습니다,4
"환자가 정상 활력징후, 통증없음, 일상적인 체크 증상을 보이며 경증 상태로 분류되었습니다",4
현재 질출혈 (경증/점상출혈) 증상을 가진 환자가 경증 상태입니다,4
경증 상태로 분류된 환자가 봉합 필요 증상을 보이고 있습니다,4
"경증 상태로 분류된 환자가 객혈, 건강해보임 증상을 보이고 있습니다",4
"환자가 호흡기 이물질, 경증통증, 호흡곤란은 없음 상태로 응급실에 방문했습니다",4
눈부심 상태가 관찰되는 환자가 있습니다,4
"현재 우울함, 자살 생각은 없음 증상을 가진 환자가 경증 상태입니다",4
대처하기 어려운 상태 상태가 관찰되는 환자가 있습니다,4
환자가 급성 불면증 상태로 응급실에 방문했습니다,4
환자가 중증외상-둔상 상태로 응급실에 방문했습니다,4
"현재 체표면적의 <5%인 3도 이상의 화상, 혹은 <10%의 2도 화상 증상을 가진 환자가 경증 상태입니다",4
현재 임신주수<20주 증상을 가진 환자가 경증 상태입니다,4
"환자가 경증의 불안/ 초조, 안정되어 있음 증상을 보이며 경증 상태로 분류되었습니다",4
경증 상태로 분류된 환자가 연하곤란이나 호흡곤란 없음 증상을 보이고 있습니다,4
경증 상태로 분류된 환자가 탈수의 가능성 있음 증상을 보이고 있습니다,4
경증 상태로 분류된 환자가 예측 FEV1 혹은 PEER이 60%이상인 알려진 천식(경증) 증상을 보이고 있습니다,4
"현재 호흡기 이물질, 경증통증, 호흡곤란은 없음 증상을 가진 환자가 경증 상태입니다",4
"경증 상태로 분류된 환자가 색 변화를 동반하지 않은 동상, 경증 증상을 보이고 있습니다",4
환자가 대처하기 어려운 상태 상태로 응급실에 방문했습니다,4
경증 상태로 분류된 환자가 열 증상을 보이고 있습니다,4
환자가 생리문제 증상을 보이며 경증 상태로 분류되었습니다,4
"동상없음, 정상 활력징후을 호소하는 환자가 있습니다",4
"유해물질을 흡입한 후 상당한 시간이 지남, 무증상을 호소하는 환자가 있습니다",4
환자가 핍뇨증 상태로 응급실에 방문했습니다,4
환자가 예측 FEV1 혹은 PEER이 60%이상인 알려진 천식(경증) 증상을 보이며 경증 상태로 분류되었습니다,4
"현재 식욕부진, 건강해보임 증상을 가진 환자가 경증 상태입니다",4
"석고붕대가 꽉 끼어 아프지만, 신경혈관 장애는 없음 상태가 관찰되는 환자가 있습니다",4
"경증 상태로 분류된 환자가 호흡기 이물질, 경증통증, 호흡곤란은 없음 증상을 보이고 있습니다",4
경증 상태로 분류된 환자가 과다복용 증상을 보이고 있습니다,4
경증 상태로 분류된 환자가 경증 불안/초조 증상을 보이고 있습니다,4
"열(건강해보임), 1SIRS 기준만족(열) 상태가 관찰되는 환자가 있습니다",4
경증 상태로 분류된 환자가 급성 불면증 증상을 보이고 있습니다,4
"경증의 불안/ 초조, 안정되어 있음 상태가 관찰되는 환자가 있습니다",4
"환자가 식욕부진, 건강해보임 증상을 보이며 경증 상태로 분류되었습니다",4
경증 상태로 분류된 환자가 의식소실의 병력이 없음 증상을 보이고 있습니다,4
환자가 만성 말초성 중증 통증(8-10) 상태로 응급실에 방문했습니다,4
"눈충혈/분비물, 급성 상태가 관찰되는 환자가 있습니다",4
환자가 이명 증상을 보이며 경증 상태로 분류되었습니다,4
환자가 학대의 병력/징후 증상을 보이며 경증 상태로 분류되었습니다,4
경증 상태로 분류된 환자가 핍뇨증 증상을 보이고 있습니다,4
"환자가 체표면적의 <5%인 3도 이상의 화상, 혹은 <10%의 2도 화상 증상을 보이며 경증 상태로 분류되었습니다",4
국소성 연조직염 상태가 관찰되는 환자가 있습니다,4
단독복부외상 - 둔상 상태가 관찰되는 환자가 있습니다,4
단독복부외상 - 둔상을 호소하는 환자가 있습니다,4
현재 경증 불안/초조 증상을 가진 환자가 경증 상태입니다,4
환자가 만성 말초성 중증 통증(8-10) 증상을 보이며 경증 상태로 분류되었습니다,4
"환자가 석고붕대가 꽉 끼어 아프지만, 신경혈관 상태로 응급실에 방문했습니다",4
환자가 질출혈 (경증/점상출혈) 증상을 보이며 경증 상태로 분류되었습니다,4
"색 변화를 동반하지 않은 동상, 경증 상태가 관찰되는 환자가 있습니다",4
경증 불안/초조을 호소하는 환자가 있습니다,4
경증 상태로 분류된 환자가 단독복부외상 - 둔상 증상을 보이고 있습니다,4
"경증 상태로 분류된 환자가 의료장비문제, 증상이나 불편함이 없음 증상을 보이고 있습니다",4
"현재 눈충혈/분비물, 급성 증상을 가진 환자가 경증 상태입니다",4
소변 배출장애을 호소하는 환자가 있습니다,4
"경증 상태로 분류된 환자가 정상 활력, 증상회복 증상을 보이고 있습니다",4
환자가 열 증상을 보이며 경증 상태로 분류되었습니다,4
"정상 활력, 증상회복을 호소하는 환자가 있습니다",4
환자가 >= 12시간; 손상없음 상태로 응급실에 방문했습니다,4
환자가 봉합 필요 증상을 보이며 경증 상태로 분류되었습니다,4
경증 상태로 분류된 환자가 활력징후가 정상이며 기저 질환이 없는 잇몸출혈 증상을 보이고 있습니다,4
만성 감각소실/이상감각을 호소하는 환자가 있습니다,4
환자가 핍뇨증 증상을 보이며 경증 상태로 분류되었습니다,4
현재 만성 말초성 통증(<8) 증상을 가진 환자가 비응급 상태입니다,5
전문진료를 위해 의뢰된 환자 상태가 관찰되는 환자가 있습니다,5
환자가 석고붕대 체크 또는 석고붕대 교환 증상을 보이며 비응급 상태로 분류되었습니다,5
환자가 전문진료를 위해 의뢰된 환자 상태로 응급실에 방문했습니다,5
환자가 상지의 만성 경증 통증 상태로 응급실에 방문했습니다,5
비응급 상태로 분류된 환자가 만성 말초성 통증(<8) 증상을 보이고 있습니다,5
환자가 생식기의 분비물/피부병변 상태로 응급실에 방문했습니다,5
"정상 활력징후, 위험수치는 아님을 호소하는 환자가 있습니다",5
"만성, 비급성 상태 상태가 관찰되는 환자가 있습니다",5
"환자가 만성 복부 종괴/팽만, 건강해 보임 상태로 응급실에 방문했습니다",5
"환자가 눈충혈/분비물, 만성 증상을 보이며 비응급 상태로 분류되었습니다",5
스테이플/봉합사제거을 호소하는 환자가 있습니다,5
하지의 만성 경증 통증 상태가 관찰되는 환자가 있습니다,5
경증 찰과상을 호소하는 환자가 있습니다,5
"치아/잇몸문제, 경증문제 상태가 관찰되는 환자가 있습니다",5
비응급 상태로 분류된 환자가 전문진료를 위해 의뢰된 환자 증상을 보이고 있습니다,5
비응급 상태로 분류된 환자가 코막힘/건초열 증상을 보이고 있습니다,5
"환자가 건강해보임, 열 없음 증상을 보이며 비응급 상태로 분류되었습니다",5
동상/냉손상 상태가 관찰되는 환자가 있습니다,5
"현재 부종/양측성 다리부기, 만성 증상을 가진 환자가 비응급 상태입니다",5
"환자가 경증 증상호소, 비특이적 증상을 보이며 비응급 상태로 분류되었습니다",5
현재 경증 인후통 ± 후두염 증상을 가진 환자가 비응급 상태입니다,5
환자가 주기적/반복적이며 두드러지지 않은 출혈 상태로 응급실에 방문했습니다,5
"환자가 혹,돌기,굳은살 증상을 보이며 비응급 상태로 분류되었습니다",5
질내 이물질을 호소하는 환자가 있습니다,5
환자가 급성 말초성 경증 통증(<4) 증상을 보이며 비응급 상태로 분류되었습니다,5
"환자가 정상 활력징후, 위험수치는 아님 증상을 보이며 비응급 상태로 분류되었습니다",5
현재 감염 가능성 확인 증상을 가진 환자가 비응급 상태입니다,5
비응급 상태로 분류된 환자가 직장내 이물질 증상을 보이고 있습니다,5
환자가 경증 인후통 ± 후두염 상태로 응급실에 방문했습니다,5
현재 코막힘/건초열 증상을 가진 환자가 비응급 상태입니다,5
"비응급 상태로 분류된 환자가 화상, 경증통증 증상을 보이고 있습니다",5
"가슴통증, 비 심인성을 호소하는 환자가 있습니다",5
국소성 발진 상태가 관찰되는 환자가 있습니다,5
단순변비을 호소하는 환자가 있습니다,5
비응급 상태로 분류된 환자가 음순부종 증상을 보이고 있습니다,5
스테이플/봉합사제거 상태가 관찰되는 환자가 있습니다,5
"딸국질, 만성, 힘들어 보이지 않음을 호소하는 환자가 있습니다",5
환자가 처방전/투약문의 증상을 보이며 비응급 상태로 분류되었습니다,5
"환자가 건강해보임, 열 없음 상태로 응급실에 방문했습니다",5
비응급 상태로 분류된 환자가 관절 부종 증상을 보이고 있습니다,5
현재 샅고랑부위(Groin)통증/종괴 증상을 가진 환자가 비응급 상태입니다,5
환자가 봉합이 불필요한 열상/찰과상 증상을 보이며 비응급 상태로 분류되었습니다,5
"환자가 화상, 경증통증 상태로 응급실에 방문했습니다",5
"비응급 상태로 분류된 환자가 황달, 건강해보임 증상을 보이고 있습니다",5
"환자가 생식기의 외상, 통증없음 상태로 응급실에 방문했습니다",5
"경증 증상호소, 비특이적을 호소하는 환자가 있습니다",5
현재 만성 또는 반복적인 두통 증상을 가진 환자가 비응급 상태입니다,5
"현재 하지의 외상, 만성 경증 통증 증상을 가진 환자가 비응급 상태입니다",5
직장내 이물질 상태가 관찰되는 환자가 있습니다,5
"만성설사, 정상 활력징후 상태가 관찰되는 환자가 있습니다",5
현재 상지의 만성 경증 통증 증상을 가진 환자가 비응급 상태입니다,5
현재 음순부종 증상을 가진 환자가 비응급 상태입니다,5
환자가 만성적인 환각으로 인한 경증의 불안/초조 증상을 보이며 비응급 상태로 분류되었습니다,5
환자가 음경부종 상태로 응급실에 방문했습니다,5
현재 안와주위 부종 증상을 가진 환자가 비응급 상태입니다,5
환자가 반지제거 증상을 보이며 비응급 상태로 분류되었습니다,5
비응급 상태로 분류된 환자가 국소성 발진 증상을 보이고 있습니다,5
경증물림 상태가 관찰되는 환자가 있습니다,5
환자가 상지의 만성 경증 통증 증상을 보이며 비응급 상태로 분류되었습니다,5
"비응급 상태로 분류된 환자가 질통증, 가려움 동반 증상을 보이고 있습니다",5
"딸국질, 만성, 힘들어 보이지 않음 상태가 관찰되는 환자가 있습니다",5
비응급 상태로 분류된 환자가 경증 인후통 ± 후두염 증상을 보이고 있습니다,5
음경부종을 호소하는 환자가 있습니다,5
비응급 상태로 분류된 환자가 처방전/투약문의 증상을 보이고 있습니다,5
환자가 쏘임 증상을 보이며 비응급 상태로 분류되었습니다,5
"만성 구토/구역, 정상활력징후을 호소하는 환자가 있습니다",5
소양증 상태가 관찰되는 환자가 있습니다,5
환자가 쏘임 상태로 응급실에 방문했습니다,5
현재 급성 말초성 경증 통증(<4) 증상을 가진 환자가 비응급 상태입니다,5
비응급 상태로 분류된 환자가 경증물림 증상을 보이고 있습니다,5
만성적인 환각으로 인한 경증의 불안/초조을 호소하는 환자가 있습니다,5
비응급 상태로 분류된 환자가 안와주위 부종 증상을 보이고 있습니다,5
기타피부상태을 호소하는 환자가 있습니다,5
"정상 활력징후, 위험수치는 아님 상태가 관찰되는 환자가 있습니다",5
음경부종 상태가 관찰되는 환자가 있습니다,5
비응급 상태로 분류된 환자가 고환 통증/부종 증상을 보이고 있습니다,5
"현재 질통증, 가려움 동반 증상을 가진 환자가 비응급 상태입니다",5
"현재 경증 증상호소, 비특이적 증상을 가진 환자가 비응급 상태입니다",5
코 울혈을 동반한 건초열 상태가 관찰되는 환자가 있습니다,5
환자가 직장내 이물질 상태로 응급실에 방문했습니다,5
환자가 소양증 상태로 응급실에 방문했습니다,5
눈의 재확인 상태가 관찰되는 환자가 있습니다,5
현재 봉합 필요 없음 증상을 가진 환자가 비응급 상태입니다,5
비응급 상태로 분류된 환자가 생식기의 분비물/피부병변 증상을 보이고 있습니다,5
"생식기의 외상, 통증없음 상태가 관찰되는 환자가 있습니다",5
"환자가 만성, 경증 요로감염 증상호소/증상 상태로 응급실에 방문했습니다",5
현재 스테이플/봉합사제거 증상을 가진 환자가 비응급 상태입니다,5
"건강해보임, 열 없음 상태가 관찰되는 환자가 있습니다",5
"환자가 딸국질, 만성, 힘들어 보이지 않음 증상을 보이며 비응급 상태로 분류되었습니다",5
환자가 처방전/투약문의 상태로 응급실에 방문했습니다,5
비응급 상태로 분류된 환자가 항문/직장 외상 증상을 보이고 있습니다,5
생식기의 분비물/피부병변 상태가 관찰되는 환자가 있습니다,5
환자가 경증물림 증상을 보이며 비응급 상태로 분류되었습니다,5
환자가 드레싱교체 상태로 응급실에 방문했습니다,5
"비응급 상태로 분류된 환자가 만성, 경증 요로감염 증상호소/증상 증상을 보이고 있습니다",5
"현재 상지의 외상, 만성 경증 통증 증상을 가진 환자가 비응급 상태입니다",5
"환자가 만성 구토/구역, 정상활력징후 증상을 보이며 비응급 상태로 분류되었습니다",5
"상지의 외상, 만성 경증 통증 상태가 관찰되는 환자가 있습니다",5
영상학적 검사을 호소하는 환자가 있습니다,5
건물에서 연기가 나고 있습니다.,2
가벼운 두통이 있는데 그냥 쉬어도 괜찮을 것 같아요.,5
머리가 조금 아프고 어지러워요.,5
숨이 가쁘고 가슴이 너무 답답합니다.,3
어깨 쪽에 심한 통증이 있습니다.,4
차 사고가 발생했고 여러 사람이 다쳤습니다.,2
아무것도 할 수 없을 정도로 기운이 없어요.,3
열이 심하게 나고 의식이 희미해요.,3
큰 사고가 발생했고 생명이 위태로워 보입니다.,1
"팔에 가벼운 통증이 있어요, 심각하지는 않습니다.",5
쓰러져서 반응이 전혀 없어요.,1
사람이 높은 곳에서 떨어졌어요.,2
"발목이 부러진 것 같아요, 많이 아픕니다.",4
"사람이 심정지가 온 것 같아요, 심장이 뛰지 않습니다.",1
손에 출혈이 있고 멈추지 않아요.,4
비정상 검사 수치를 보이며 쇼크 상태에 있는 환자,1
중증 호흡곤란을 보이며 전신성 부종이 있는 심혈관 질환 환자,1
응급 상황에서 의식장애를 보이며 질내 이물질을 발견한 환자,1
중증 호흡곤란을 보이며 생식기 외상을 입은 환자,1
"신경과:발작:쇼크신경과에 입원한 환자가 발작을 일으키고 갑작스럽게 혈압이 떨어지는 증상을 보이는 경우, 심각한 상태의 쇼크를 의심해봐야 합니다. 이러한 환자는 즉각적인 응급처치와 신속한 치료가 필요합니다.",1
중증 호흡곤란을 호소하며 돌발성 두통을 겪고 있는 환자,1
상지 통증으로 인해 쇼크 상태에 있는 환자,1
식도에 이물질이 걸려 식도통과가 불가능한 상태로 음식물이 폐로 유입될 수 있는 위험이 있는 환자,1
객혈이 발생하고 있으며 쇼크 상태에 있는 호흡기 환자    ,1
중증 호흡곤란과 함께 고혈압이 있는 환자,1
의식수준의 변화와 함께 쇼크 증상이 나타나는 환자,1
"환자의 하지에 손상이 있고, 의식이 없거나 심각하게 감소한 상태로 응급적인 시술이 필요한 환자.",1
창백하고 빈혈 증상을 보이며 의식이 없는 환자,1
중증 호흡곤란을 호소하며 복부종괴 또는 팽만이 의심되는 환자,1
쇼크 상태에서 의식 잃거나 실신하는 환자,1
구강이나 식도에 이물질이 있어 호흡이 크게 어려운 환자,1
먹힌 물질로 인한 음식도 폐쇄로 의식이 없는 환자,1
두부 손상으로 인해 발생한 쇼크 상태의 환자,1
중증 호흡곤란을 보이는 물림에 의한 환자,1
구강이나 식도에 이물질이 있어 중증 호흡곤란 증상을 보이는 환자,1
사지 말단부위에 맥박이 없으며 차가운 환자로 중증 호흡곤란을 보이는 상황,1
보행이 어려운 상태이며 쇼크 증상이 동반된 환자,1
의식이 없거나 혼란스러운 상태에 놓인 물질오용 또는 물질금단으로 인한 환자,1
호흡이 멈춘 상태로 긴급한 응급처치가 필요한 환자,1
익수한 중증 호흡곤란을 보이는 환자,1
"단독 복부 외상을 입은 환자로, 관통상을 가진 상태에서 쇼크 증상을 보이고 있는 환자",1
무의식 상태와 인후통을 호소하며 응급실을 방문한 환자,1
전신성 부종으로 인해 무의식 상태에 있는 환자.,1
"환자가 의식이 없거나 깨우기 어렵고, Glasgow Coma Scale (의식 수준 평가 도구) 점수가 3에서 8 사이인 경우 상지 손상이 있는 상태일 가능성이 높습니다. 이는 뇌 손상이 심각할 수 있음을 시사하며, 정형외과에서 적절한 치료나 조치가 필요한 상태입니다.",1
"의식을 잃고 있는 환자로, Glasgow Coma Scale(GCS) 점수가 3에서 8 사이인 환자",1
중증 호흡곤란을 호소하며 화학물질에 노출된 환경손상 환자.,1
중증 호흡곤란을 보이며 연하장애/연하곤란을 겪고 있는 환자,1
중증 호흡곤란과 동반된 심한 두통을 호소하는 환자,1
고혈당으로 인해 중증 호흡곤란을 보이는 환자,1
"의식이 없거나 매우 혼란스러운 상태에 있는 임신부로, 산모와 태아의 안전을 위해 즉시 응급 조치가 필요한 상황입니다.",1
외상으로 인한 척추 손상으로 인해 의식이 없거나 GCS 점수가 38점인 환자,1
중증 호흡곤란을 보이는 단독 복부 외상 환자,1
임신 중에 다량의 질출혈이 있는 환자,1
중증 호흡곤란을 호소하며 혈당이 저하된 환자,1
물질 오용으로 인한 중독으로 인한 쇼크 상태물질 오용 및 중독으로 인해 쇼크 증상을 보이는 환자,1
저혈당으로 인해 쇼크 상태에 빠진 환자,1
중증 호흡곤란을 호소하는 생리문제를 가진 환자화상으로 인한 생리 문제로 호흡이 어려운 상황에 처한 환자,1
화상으로 인해 의식이 없거나 GCS가 3에서 8 사이인 환자화상의 심각성으로 인해 의식이 떨어진 환자,1
의식 수준이 현저히 저하된 고혈압 환자고혈압으로 인해 의식이 없는 상태인 환자,1
신경과:보행장애/운동실조:쇼크쇼크로 인해 보행이 어려운 상태의 환자입니다.,1
중증 호흡곤란을 보이는 경부부종 및 통증을 호소하는 환자,1
의식 수준이 매우 저하된 상태로 입원한 환자긴급한 의료 처치가 필요한 상황  ,1
복통을 주소로 쇼크 증상을 보이는 환자,1
  객혈이 발생하고 의식 수준이 심각하게 떨어진 환자  ,1
고혈압으로 인해 발생한 심혈관 쇼크로 인한 환자,1
중증 호흡곤란으로 인해 의식수준에 변화가 나타나는 환자,1
의식이 없거나 혼란스러운 상태에서 심각한 흉통을 호소하는 환자,1
열상 또는 천공으로 인해 중증 호흡곤란을 보이는 환자,1
출혈과 호흡곤란으로 심각한 상태에 있는 환자,1
뇌의 손상으로 인해 의식이 없는 상태(GCS 38)신경외과 응급실에서 긴급한 처치가 필요한 상태의 환자,1
생리주기에 이상이 있고 의식상태가 심각하게 낮은 환자,1
화학물질에 노출되어 의식 수준이 무의식 상태인 환경손상 환자환자는 GCS 38 범위 내에서 응답이 없는 상태로 발견됨,1
익수 중독으로 인한 쇼크 상태환경손상으로 인한 중독 증상이 나타나고 있는 환자가 쇼크 상태에 빠져 있는 경우,1
물질 오용에 의한 중독으로 인한 쇼크 상태쇼크 증상을 보이는 환자,1
뇌에 손상을 입고 의식이 없거나 경련을 일으키는 환자,1
"의식수준이 현저히 감소한 상태로, 핍뇨증을 보이는 환자.",1
피부에 국소성 부종이 발생하고 중증 호흡곤란 증상을 보이는 환자,1
심장에 외상적 손상을 입은 상태로 심정지가 발생한 환자,1
의식장애가 있는 상태로 내원한 환자  ,1
창백하고 빈혈 증상을 보이며 의식 수준이 낮은 환자,1
상지 통증과 함께 쇼크 증상을 보이는 환자,1
흉부에 둔상을 입은 환자로서 쇼크 증상을 보이는 상태,1
중증 호흡곤란을 호소하는 20주 미만의 임신부 여성,1
"신경과:현훈:쇼크쇼크 상태에 있는 환자로, 혈압 하강, 심박수 증가, 실신, 냉한 땀 등의 증상을 보이는 환자",1
"중증 호흡곤란을 보이는 환자로, 상지 손상이 동반된 상태에서 정형외과치료가 필요한 환자입니다.",1
중증 호흡곤란에 동반된 보행장애 또는 운동실조 증상을 보이는 환자,1
"중증 외상을 입은 환자로, 혈압 하락, 맥박 증가, 심근 경색 등의 심각한 증상을 보이며 응급 상황에 처한 환자",1
경부부종이나 통증으로 인한 경부 쇼크의 가능성이 있는 환자,1
과다호흡으로 인한 중증 호흡곤란을 보이는 환자,1
의식 수준이 낮은 상태에서 벌레 또는 해충에 쏘여 발생한 증상을 보이는 환자,1
열상이나 천공으로 인한 출혈이 많은 환자로 인한 쇼크 상태를 보이는 환자,1
"임산부인이 의식 수준이 매우 낮은 상태로 20주 이상의 임신을 하고 있는 경우뇌의 기능이 현저히 손상된 상태로, 증상을 자각하지 못하고 있는 임산부환자",1
상해를 입은 환자가 충격 상태에 있는 경우쇼크 상태로 혈압이 낮고 심박수가 빨라지며 피부가 창백한 환자,1
무의식 상태이며 호흡기 알레르기 반응이 의심되는 환자,1
"과다한 약물 또는 알콜 등의 물질을 복용하여 발생한 충격적인 상태로, 의식이 혼미하거나 혼란스러운 환자.",1
환기가 나쁜 곳에서 유해물질을 흡입한 후 의식이 없거나 심각하게 무의식인 환자   ,1
의식장애를 보이는 환자 중에서 생리문제를 호소하는 환자,1
의식이 없거나 매우 저하된 상태에서 벌에 쏘여 있는 환자,1
성 폭행 피해자로 인한 정신적 충격 상태를 보이는 환자,1
전신성 부종으로 인한 무의식 상태(GCS 38)를 보이는 환자,1
고혈당으로 인한 쇼크 상태의 환자  ,1
  절단 상처를 입은 환자로 의식 수준이 낮은 상태(의식 수준 검사 점수 38)를 보이는 환자  ,1
의식장애가 동반된 구토 및 고열 증세로 인해 무의식 상태에 있는 환자  ,1
"외상을 입은 환자로, 의식이 없거나 경련을 일으키는 상태의 환자  ",1
환자가 익수 상태로 의식이 없는 경우,1
성폭행으로 인한 쇼크 상태에 있는 환자,1
중증 호흡곤란을 보이는 알레르기 반응 환자,1
중증 호흡곤란을 겪고 있는 물질오용으로 인한 환자,1
외상성 척추 손상으로 인해 의식이 없는 환자,1
복부에 둔상을 입고 있는 환자로 심한 쇼크 증상이 나타나는 상황,1
혈뇨로 인한 출혈성 쇼크의 가능성이 있는 환자,1
"응급실로 신속히 이송되어야 하는 상태로, 의식이 없거나 심각하게 혼란된 환자. ",1
급성 중심성 중증 통증을 호소하는 혈뇨 환자,2
심장박동에 이상이 있을 수 있는 환자의 심혈관 상태를 평가하고자 하는 경우 심혈관:심계항진/불규칙심박동이 불규칙하거나 심계항진이 나타나는 환자의 상태를 평가합니다. 해당 환자는 부정맥의 가능성이 있으며 치명적일 수 있는 부정맥의 병력이나 기록이 있는지 조사해야 합니다.,2
호흡기 증상을 호소하며 혈관 기능에 이상이 있는 환자,2
중등도 호흡곤란을 호소하는 물질 오용으로 인한 환자,2
"패혈증 의심 환자가 있으며, 호흡기 알레르기 반응으로 인한 증상이 관찰되는 경우",2
이비인후과 환자로 경부부종이나 통증을 호소하며 혈역학적 장애 증상을 보이는 환자,2
열 및 면역억제 상태로 인해 비뇨기과적 질환을 유발할 수 있는 생식기의 외상 환자,2
"패혈증 의심 환자 중에서 요통을 주소로 내원한 환자패혈증 가능성이 있는 환자로, 요통 증상과 함께 고열과 혼란이 동반된 환자",2
환경 손상으로 인해 발생한 익수 상태로 혈역학적 장애를 보이는 환자,2
"패혈증의 가능성이 있는 상태로, 물질을 과다복용하고 있는 환자",2
중등도 호흡곤란을 보이는 생식기 외상 환자,2
식욕부진과 함께 의식 수준이 뇌의 기능 손상으로 GCS(글라스고 체격 척도) 913에 해당하는 환자,2
열과 면역억제 상태를 동반한 환자  ,2
목에 이물질이 있어 호흡에 어려움을 겪고 목쉰소리와 언어장애가 나타나는 환자,2
신경과:현훈:혈역학적 장애혈역학적 장애로 인한 현훈을 보이는 환자,2
열과 면역억제 상태를 가진 환자신경과 질환으로 인해 착란을 보이는 환자입니다.,2
혈역학적 장애로 인한 검사 수치 이상을 보이는 환자,2
뇌졸중으로 인한 사지약화 증상과 함께 고열 및 면역억제 상태를 보이는 환자,2
의식이 일시적으로 혼미한 상태인 환자,2
산부인과를 찾아온 20주 미만의 임신부인으로서 중등도 호흡곤란을 호소하는 환자.,2
중등도 호흡곤란을 호소하며 흉통을 겪는 환자,2
의식 수준이 변화하며 살점에 쏘임을 입은 환자,2
흉통을 호소하는 환자로 의식이 변화하고 있는 경우의식변화(GCS 913)를 보이는 심장 질환으로 인한 상태.,2
두부손상으로 인한 혈역학적 장애가 의심되는 환자,2
중등도 호흡곤란을 보이는 물림 상처가 있는 환자,2
심혈관 질환으로 인한 일측성의 홍조 증세가 나타나는 환자뜨거운 사지가 있고 열과 면역억제 상태를 가진 환자,2
유방 부위에 발적 또는 압통이 있으며 중등도 호흡곤란을 호소하는 환자,2
두드러진 또는 중요한 토혈이 관찰되는 환자,2
음경부종으로 인한 호흡곤란이 발생한 환자,2
신장 손상으로 인한 척추 손상으로 인한 신경학적 손상을 겪은 환자신장 및 방광의 기능에 이상이 있을 수 있는 상태를 가진 환자,2
열 및 면역억제 상태로 실신 또는 전실신을 경험한 환자,2
"국소성 부종이 발생한 환자로, 열과 면역억제 상태가 동반된 상황",2
얼굴 연조직염이 있고 안와 주위에 국소성 부종 또는 발적이 있는 환자,2
위험한 상황일 수 있는 중등도 호흡곤란을 겪는 환자 중에 직장내 이물질이 의심되는 경우,2
"급격한 시력 저하를 호소하는 환자로, 안과적인 상처나 외상이 있는 경우입니다.",2
수술 후 혈역학적 장애를 보이는 환자일반적인 합병증으로 혈압이나 혈액순환에 이상이 있는 상태,2
두드러진 또는 중요한 토혈을 보이는 환자,2
"의식수준이 변화한 상태로, 음경부종으로 인한 GCS 913 범위 내의 환자",2
열이 있거나 면역억제 상태인 실신 또는 전실신 환자,2
음경부종이 독특한 증상으로 나타나는 환자,2
급성 중심성 중증 통증을 호소하는 환자,2
"의식 수준이 변화하고 있는 환자로, Glasgow Coma Scale (GCS) 점수가 913점인 경우",2
급성 중심성 중증 통증을 호소하며 두부 손상을 입은 환자.,2
"의식이 일부 변화하고 있는 환자로, GCS 점수가 913점인 경우환경손상을 받은 환경에서 발생한 상태입니다.",2
중등도 호흡곤란을 호소하며 변비 증상을 가진 환자,2
소화기 질환으로 인한 중등도 호흡곤란이 발생한 환자,2
샅고랑부위(Groin)통증을 호소하는 환자급성 중심성 중증 통증(810)을 경험하는 종괴로 인한 환자,2
"피부에 혹, 돌기, 굳은살이 있고 면역억제 상태인 환자환자의 면역억제 상태로 인해 피부에 혹, 돌기, 굳은살이 발생한 상황",2
소화기 내에 직장내 이물질이 있어 중등도 호흡곤란을 겪고 있는 환자입니다.,2
중등도 호흡곤란을 보이며 유해물질을 흡입한 환경손상 환자,2
물림 상처가 있고 의식 수준이 일부 변화된 환자의식 변화와 함께 물림 상처가 있는 환자,2
심폐소생술 후 의식이 회복된 상태이나 GCS 점수가 913으로 뇌 기능에 변화가 나타나는 환자,2
이비인후과에서 안면통증을 호소하며 열 및 면역억제 상태를 가진 환자,2
열이 있고 면역억제 상태인 환자화상으로 인한 열이 동반되고 면역억제 상태인 환자,2
상지 통증을 호소하면서 생명이나 사지에 위급한 출혈이 의심되는 환자,2
열이 동반된 설사증상을 보이는 면역억제 상태의 환자,2
식도에 이물질이 걸린 상태로 의식이 일부 변화한 환자  1분 내로 구호막거나 수술을 고려해야 ,2
"양측 다리에 부종이 동반된 환자로, 패혈증 가능성을 고려해야 합니다.",2
"심혈관 질환으로 인한 심계항진이나 불규칙한 심장박동을 보이며, 혈역학적 장애를 동반한 환자",2
"급성 중심성 중증 통증을 호소하는 환자로, 황달이 동반된 경우입니다. 황달과 함께 중증한 통증을 호소하는 환자이므로 즉시 전문적인 치료가 필요합니다.",2
의식수준이 변화하고 보행이나 운동에 장애가 있는 환자,2
출혈성 질환으로 인한 신경학적 증상을 보이는 환자,2
열이 동반된 인후통이 있고 면역억제 상태인 환자,2
"혹, 돌기, 굳은살이 있으며 혈역학적 장애로 인한 증상을 보이는 환자",2
산부인과 질환으로 20주 이상의 임신 중 출혈성 질환으로 생명이나 사지에 위험을 초래할 수 있는 상황에 처한 환자  ,2
발작 후 상태로 인한 의식 장애와 피로감을 호소하는 환자,2
"의식 수준이 변화한 환자로서, GCS (글라스고 의식 수준 척도)가 913점인 음순부종으로 의심되는 산부인과 환자.",2
"의식 수준이 변화한 환자로, GCS 스코어가 913인 코외상으로 인한 상태.",2
열상이 발생하여 혈액이 나오거나 혈액순환에 문제가 있는 환자,2
연하장애로 침흘림 또는 협착음 증상을 보이는 환자,2
"자살의 가능성이 높은 상태로, 뚜렷한 자살의도를 보이는 환자",2
샅고랑부위(Groin)통증을 호소하며 의식수준이 변화한 환자,2
예측 FEV1 혹은 PEER이 40% 미만인 호흡기 환자,2
"열상이나 천공으로 인한 감염 가능성이 있는 환자로, 패혈증의 가능성을 고려해야 합니다. SIRS 기준을 충족하고 있는 환자로, 열상/천공 부위의 감염을 염두에 두어야 합니다.",2
양측 다리에 부종이 있고 중등도 호흡곤란을 호소하는 환자,2
의식 수준이 변화하고 있는 환자  ,2
코피로 인한 중등도 호흡곤란을 호소하는 환자  ,2
외상이 없이 자가적으로 발생한 멍이 있는 환자출혈이 심각한 생명이나 사지를 위협하는 상태,2
"패혈증의 가능성이 있는 상태로, 호흡곤란과 혼란이 동반된 환자",2
열이 있고 면역억제 상태인 환자,2
열상이 있고 혈액순환이 장애를 겪고 있는 환자,2
익수환자로 인한 패혈증 의증이 있는 환자,2
귀를 절단당한 환자,2
"의식수준이 변화한 환자로, 유해물질을 흡입한 후 의식이 일부 변화된 상태",2
객혈이 있고 의식수준이 변화한 환자,2
급성 또는 갑작스런 시력장애를 호소하는 환자,2
기괴한 행동을 보이며 패혈증 의증을 충족시키는 환자,2
혈액순환에 문제가 있는 환자로 인해 발생한 복통을 호소하는 소화기 질환 환자,2
"중증 외상으로 인한 관통 상처가 있으며, 열 및 면역억제 상태인 환자",2
음경부종으로 인해 중등도 호흡곤란을 보이는 환자,2
"토혈이 나오는 환자로, 열 및 면역억제 상태가 동반된 경우",2
열이 있고 면역억제 상태에 있는 고혈당 환자,2
중등도 호흡곤란을 보이는 다뇨증 환자,2
"열과 면역억제 상태를 가진 환자로, 전문 진료가 필요한 상황입니다.",2
"중증 외상을 입은 환자로, 둔상에 의한 손상이 있으며 고위험성 사고로 발생한 상황입니다.",2
고위험성 임신으로 분류되며 사고 기전이 발생한 산모  ,2
열이 동반되는 질내 이물질이 발견된 면역억제 상태의 환자,2
급성 중심성 중증 통증을 호소하는 중증 둔상 외상 환자.,2
"호흡기 객혈과 열, 면역억제 상태를 가진 환자호흡기 질환으로 인한 출혈이 있으며 발열 및 면역억제 상태가 나타나는 환자",2
소화기:복부종괴/팽만:중등도 호흡곤란중등도 호흡곤란을 보이며 복부종괴 또는 팽만이 의심되는 환자,2
"명백한 상지 손상으로 인해 손에 변형이 있을 경우, 정형외과 전문의의 진료가 필요합니다. 상지의 해부학적 구조와 기능을 고려하여 치료 및 수술 옵션을 검토하고, 환자의 손 기능 및 모양을 최대한 회복하기 위한 계획을 수립할 수 있습니다. 상지 손상의 정확한 평가와 적시에 적절한 치료를 받는 것이 중요합니다.",3
이물질로 인한 피부 자극으로 가려움증이 있는 환자경미한 호흡곤란 증상을 보이는 환자,3
산부인과 응급실에 20주 이상임신한 분만을 위해 내원한 환자자궁 수축이 2분 이상 지속되는 상태로 산후출혈 및 태아 손상 등의 위험이 있는 환자,3
"급성 착란의 주요 증상은 두통이나 의식상태의 변화를 동반하지 않으며, 일시적인 혼란 상태를 보이는 환자입니다.",3
열이 있으며 3 SIRS 기준을 만족하지 않는 다뇨증으로 인한 환자,3
열을 느끼며 패혈증 가능성이 있는 환자,3
갑자기 보행이 어려운 환자,3
"열이 있으며, 혈액순환에 문제가 있을 수 있는 환자",3
급성 말초성 중증 통증을 호소하며 양측 다리에 부종이 있는 환자.,3
기괴한 행동을 보이지만 혈압과 맥박이 정상인 상태의 환자,3
만성 중심성 중증 통증(810)으로 인한 변비 증상을 보이는 환자,3
"귀에서 삼출물이 나오며 귀가 아파보이는 환자패혈증의 가능성이 있는 상태로, 고열과 혼란이 동반된 환자",3
비정상 맥박수와 맥박압을 보이지만 혈액순환은 안정한 상태인 환자,3
"급성 착란의 주된 증상은 두통 또는 의식상태의 변화를 동반하지 않는 상태로서, 일시적인 현실과의 접촉을 잃거나 주변 환경에 대한 정확한 인식이 어려워지는 증상을 보이는 환자입니다.",3
"눈이 붓고 충혈되어 있으며, 급성으로 발생한 중증한 눈 주변의 통증을 호소하는 환자.",3
열이 있고 중증 외상으로 관통 상처가 있는 환자로 패혈증 가능성이 있지만 SIRS 기준은 만족하지 않는 환자,3
"의심 증상은 경증 호흡곤란이며, 특이소견으로 비 심인성 흉통을 호소하는 환자입니다.",3
소화기 질환으로 인한 황달 증상이 있으며 경증 호흡곤란을 호소하는 환자,3
화면상으로 확인되는 피부 혹이나 돌기와 굳은살이 있으며 통증이 있는 환자. 추가적으로 SIRS 기준을 만족하는 것으로 보임.,3
명백한 상지 손상으로 인해 변형이 확인되는 환자,3
급성 말초성 중증 통증을 호소하는 음경부종 환자  ,3
"경증 호흡곤란을 호소하는 환자 중 음순부종의 가능성이 있는 경우, 산부인과를 찾아야 합니다. 호흡곤란과 함께 음순부종의 증상을 보이는 환자는 조기 치료가 필요하므로 의료진의 신속한 판단과 처치가 필수적입니다.",3
"열이 높은 증상을 보이는 환자로, 패혈증 가능성이 있는 상태이지만 3 SIRS 기준을 만족하지 않는 환자입니다.",3
급성 중심성 중등도 통증을 호소하는 발작 환자,3
연하장애를 보이는 환자 중 호흡곤란이 없는 경우,3
열이 있고 SIRS 기준을 만족하지 않는 환자. 드레싱 교체가 필요한 상태입니다.,3
열이 있으며 SIRS 기준을 만족하지 않는 생리문제를 호소하는 환자,3
"과다호흡을 하고 있으며, 혈압과 맥박이 정상 범위 내에 있지만 호흡이 과다한 환자. ",3
구토가 지속되는 환자,3
비정상 맥박수와 맥박압을 보이지만 혈액순환이 안정적인 상태에서 황달 증상을 보이는 환자,3
"열이 높고 두부손상이 있는 환자로, 패혈증 가능성을 배제할 수 없는 상황  ",3
코 외부에 상처가 있고 경미한 호흡곤란을 겪고 있는 환자,3
"20주 이상의 임신부인이 열 증상이 있으며, SIRS 기준을 만족하지 못하는 상황",3
출혈성 소화기 질환으로 인한 출혈이 발생한 환자,3
이물질로 인한 피부 손상과 비정상적인 맥박수 또는 맥박압이 혈역학적으로 안정한 환자,3
비정상 맥박수와 맥박압을 보이지만 혈역학적으로 안정한 상태인 환자,3
"열을 느끼고 있는 중증 외상 환자로, 패혈증 가능성이 있으며 SIRS 기준을 만족하지 않는 상태입니다.",3
소화기 질환으로 인한 혈변 또는 흑색변이 나타나며 경증의 호흡곤란을 호소하는 환자입니다.,3
'급성 중심성 중등도 통증을 호소하는 환자'로 내원한 경우환자의 통증을 정확히 평가하고 적절한 진료 및 치료를 위해 내원한 환자,3
소화기 질환으로 인한 샅고(둔부)와 골반 부위 통증을 호소하는 환자급성 중심성 중등도(47점)의 통증을 호소하는 종괴(종양 또는 신경근 노프기성 병변) 환자,3
환경 손상으로 인한 저체온증에 의해 경증 호흡곤란을 보이는 환자,3
"질내 이물질로 인한 열성 증상이 있으며, 패혈증 가능성이 있는 환자",3
출혈성 질환으로 코외상을 겪은 환자,3
귀의 삼출물이 동반되며 경증의 호흡곤란을 보이는 환자,3
안면외상으로 인한 중등도나 경증의 출혈이 있는 환자,3
발진이 있고 경미한 호흡곤란을 보이는 환자,3
"귀:삼출물,귀:비정상 맥박수/맥박압 (혈역학적으로 안정)귀에서 삼출물이 나오며 비정상적인 맥박수나 맥박압을 보이는 환자.",3
"만성 중심성 중증 통증을 호소하는 환자로, 통증 점수가 810점인 환자",3
급성 중심성 중등도 통증을 호소하는 환자  ,3
열이 있으며 국소성 부종이 발생하고 있으며 SIRS 기준을 만족하지 않는 환자,3
"열이 동반된 보행장애 및 운동실조가 나타나고 있으며, 패혈증 가능성이 있지만 3 SIRS 기준을 만족하지 못하는 환자",3
드레싱 교체 후 경증 호흡곤란을 호소하는 환자.,3
경미한 항문이나 직장 외상으로 인해 호흡이 어려워지는 환자,3
급성 말초성 중증 통증을 호소하는 코 질환 환자,3
급성 중심성 중등도 통증을 호소하며 눈이 매우 밝고 눈이 눈부심을 느끼는 환자,3
"열이 있으며 환각 또는 망상이 있는 환자로, 패혈증 가능성이 있으며 3 SIRS 기준을 만족하지 않는 상태를 의미합니다.",3
경증 호흡곤란을 호소하며 음순부종이 의심되는 환자,3
구강 혹은 식도에 이물질이 걸려 경미한 호흡곤란을 보이는 환자,3
물질 오용으로 인한 과다 복용으로 경증 호흡곤란을 보이는 환자,3
비정상 맥박수나 맥박압을 가지고 있지만 혈액순환이 안정적인 상태에 있는 황달 환자,3
산부인과 내에서 음순부종으로 호소하며 경증 호흡곤란을 느끼는 환자Sanbuingo department patient presenting with mild respiratory distress due to vulvar edema,3
"일반적인 상태에서 저혈당으로 인해 비정상적인 맥박수나 맥박압을 보이는 환자로, 혈역학적으로는 안정한 상태입니다.",3
"환경손상으로 인해 익숙한 상황에서 비정상적인 맥박수 또는 맥박압을 보이는 환자로, 혈역학적으로 안정한 상태입니다.",3
구체적인 자살 계획이 없지만 과다 복용으로 물질 오용이 의심되는 환자,3
토혈이 있는 환자로 혈압과 맥박수가 혈역학적으로 안정한 상태,3
"요통으로 방문한 환자가 경증 호흡곤란을 호소할 경우, 심각한 합병증이 발생하고 있을 수 있습니다. 호흡곤란은 심각한 증상으로 산소의 공급이 충분하지 않은 상태를 나타내므로 즉각적인 의료진의 평가와 치료가 필요합니다. 특히 요통과 함께 호흡곤란을 호소하는 경우, 신경학적인 문제 뿐만 아니라 호흡기나 심혈관계 등 심각한 합병증이 숨어있을 수 있으므로 응급 상황으로 판단해야 합니다. 호흡곤란은 생명을 위협할 수 있는 중요한 증상이므로 즉각적인 응급처치가 필요합니다.",3
비정상 맥박수나 맥박압이 있지만 혈역학적으로 안정한 상태인 환자,3
비정상 맥박수와 맥박압이 증가하지 않고 혈액순환 상태가 안정한 환자,3
급성으로 발생한 중증 통증을 호소하는 환자.,3
열이 있으며 경부 외상으로 인한 통증을 느끼는 환자,3
급성 중심성 중등도 통증을 호소하는 단독 흉부 둔상으로 인한 외상 환자,3
"급성 말초성 중증 통증을 호소하는 환자로, 요로감염이 의심되는 상황입니다. 환자의 증상이 매우 심각하여 즉시 의료진의 진료가 필요한 상태일 수 있습니다.",3
"토혈과 함께 비정상적인 맥박수와 맥박압이 동반된 환자로, 혈역학적으로 안정한 상태에 있는 환자.",3
의식소실을 호소하는 환자 ,3
"급성 말초성 중증 통증을 호소하는 환자로, 안면 외상의 가능성을 염두에 둘 필요가 있습니다. 이러한 증상을 가진 환자는 이비인후과를 방문하여 적절한 치료 및 관리를 받아야 합니다.",3
경미한 호흡곤란을 주소로 하는 물림 상처가 있는 환자,3
"고혈당이 324mg/dl 이상으로 높게 나타나고, 아무런 증상이 없는 상태입니다.",3
구체적인 자살 계획이 없지만 물질을 과다 복용하는 환자,3
"급성 중심성 중등도 통증을 호소하는 환자로, 발작의 가능성을 염두에 둔 상태를 가진 환자",3
급성 말초성 중증 통증을 호소하며 감염 가능성이 있는 피부 질환을 가진 환자,3
의뢰된 환자비정상 맥박수/맥박압을 보이지만 혈역학적으로 안정한 상태인 환자를 위한 일반 진료가 필요합니다.,3
"소화기:복부종괴/팽만:열(아파보임),<3 SIRS 기준 만족열이 동반된 아파보이는 복부종괴/팽만 환자",3
급성으로 발생한 말초성 중증 통증(810)을 호소하는 환자화살떨이나 벌에 쏘임으로 인해 심한 통증을 호소하는 환자,3
스테이플 또는 봉합사를 제거한 상태에서 열이 나타나며 SIRS 기준을 만족하지 않는 환자  ,3
급성 중심성 중등도 통증을 호소하며 연하장애나 연하곤란을 보이는 환자.,3
"열을 느끼고 있으며, 패혈증 가능성을 배제할 수 없는 상태의 환자",3
"만성 중심성 중증 흉통 환자 중 통증이 매우 심한 경우, 심혈관 질환의 가능성을 염두에 둬야 합니다. 해당 환자는 시급한 응급 의료 진료를 받아야 합니다.",3
"소화기 질환으로 인해 복부종괴나 팽만이 발생하고, 지속적으로 구토하는 환자",3
신경학:신체운동장애:긴 시간 동안 상지 또는 하지의 약화 증상이 지속되거나 회복된 상태인 환자,3
안과 진료가 필요한 환자급성 말초성 중증 통증을 호소하며 눈이 충혈되고 분비물이 나오는 환자,3
열이 있으며 3 SIRS 기준을 만족하지 않는 고혈압 환자,3
고환 부위에 통증과 부종이 있으며 열이 있어 보이는 환자,3
"환자가 육체적 폭행 또는 성폭행을 당한 경우, 정신건강 상태가 매우 중요합니다. 이러한 상황에서는 심리적 외상을 겪은 환자에 대한 적절한 치료와 지원이 필요합니다. 정신건강 전문가들은 트라우마 후 스트레스 장애 등의 문제를 신속하고 효과적으로 다루는 데 중점을 둡니다. 그러므로 이러한 환자들을 위해 정신건강 전문가들이 제공하는 치료 및 상담 서비스를 이용하도록 권유하는 것이 중요합니다.",3
만성 중심성 중증 통증을 호소하는 외상으로 인한 생식기 질환이 있는 환자,3
이물질로 인한 연하장애가 의심되는 환자,3
급성 말초성 중증 통증을 호소하며 혈뇨를 경험하는 환자,3
경증 호흡곤란을 호소하며 몸이 춥고 저체온증 증상이 나타나는 환경손상을 가진 환자,3
"열이 있으며 환자가 아프다고 느끼고 있으며, 심근경색 등으로 인한 청색증이 나타나 있으며, 패혈증의 가능성은 있으나 3 SIRS 기준을 만족하지는 않는 상태의 환자",3
피부가 저위험 감염원으로부터 액체가 튈 경우속이 빈 주사바늘이 아닌 상황에서의 노출이 있을 수 있습니다.,3
"급성 중심성 경증 통증을 호소하는 환자로, 소변 배출장애가 있습니다.",4
열이 있으며 건강해 보이는 환자,4
열(건강해보임)을 호소하며 유방의 발적 및 압통을 호소하는 환자,4
"열이 있으나 건강해보이고, 1SIRS 기준을 만족하는 호흡기 질환 환자",4
"열(건강해보임), 1SIRS 기준만족(열) 소화기 직장내 이물질로 인한 열을 호소한 환자입니다.",4
"소화기 질환으로 인한 구토와 구역 증상이 있으며, 탈수의 가능성이 있는 환자",4
만성 말초성 중증 통증을 호소하는 하지 손상 환자,4
"열(건강해보임)이며 스테이플 또는 봉합사를 제거한 환자로, 체온 상승으로 인한 1SIRS 기준을 충족하는 상태입니다.",4
급성 중심성 경증 통증을 호소하며 소변을 배출하는 데 어려움을 겪는 환자,4
"열이 있으나 건강 상태는 보임1SIRS 기준을 만족하는 환자로, 관절 부종이 동반된 상태",4
"소화기 질환을 가진 환자로, 구토나 설사로 인해 탈수의 가능성이 있는 상황에 있는 환자",4
열이 있으며 이통(귀 통증)을 호소하는 환자,4
급성으로 발생한 중등도의 통증을 호소하는 환자입니다. 이러한 경우 일반적으로 진료 및 치료가 필요합니다.,4
"석고붕대가 꽉 끼어 아프지만, 신경혈관 손상의 가능성은 없는 상태로, 상지 손상을 가진 환자",4
열이 있으나 건강해보이며 1SIRS 기준을 만족시키고 있는 안면외상 환자,4
경증의 불안과 초조한 증상을 보이나 안정되어 있는 환자,4
심혈관 질환으로 인한 한쪽 얼굴이 홍조를 띄고 있는 환자뜨거운 사지에 국소적인 염증이 있는 환자,4
"열이 있으나 건강해보이고, 패혈증 가능성이 있는 상태로 생각됨",4
만성적인 떨림 증상이 있는 환자  ,4
"열(건강해보임), 1SIRS 기준만족(열)열이 있으나 건강해보이며, SIRS 기준 중 열만 만족하는 환자",4
급성 말초성 중등도 통증을 호소하는 환자,4
급성으로 발생한 중도의 상지 통증을 호소하는 환자,4
급성 말초성 중등도 통증을 호소하는 환자  ,4
만성 중심성 중등도 통증을 호소하고 있는 만성 복부종괴 또는 팽만을 가진 환자,4
열상이 있고 봉합이 필요한 상황으로 응급처치가 필요한 환자,4
"만성 중심성 중등도 통증을 호소하는 환자로, 요로감염 가능성을 염두에 둬야 합니다. 이러한 증상을 보이는 환자는 비뇨기과 전문의의 진료를 받아야 합니다.",4
급성 말초성 중등도 통증을 호소하며 딸꾹질을 겪고 있는 소화기 질환 환자,4
열이 있으며 건강한 상태처럼 보이는 환자,4
이물질로 인한 눈에 급성으로 발생한 중등도의 통증을 호소하는 환자                                                                                    ,4
"열이 있으나 건강해보이며, 1SIRS 기준을 충족하는 환자",4
급성 중심성 경증 통증을 호소하는 요통 환자,4
만성 중심성 중등도 통증을 호소하며 요로감염 증상을 보이는 환자,4
급성으로 발생한 말초성 중등도 통증을 호소하는 환자,4
급성 말초성 중등도 통증을 호소하는 환자에게 드레싱 교체를 시행합니다. 이는 상처 관리를 위해 드레싱을 교체하고 상처 주변을 청결하게 유지하여 감염을 예방하는 것을 목적으로 합니다. 이와 함께 통증 관리를 위한 적절한 약물 치료나 치료법도 함께 고려될 수 있습니다.,4
"열이 있지만 상태가 건강해 보이고, 1SIRS 기준을 충족시키는 상태입니다.",4
"열(건강해보임), 1SIRS 기준만족(열)",4
"열 증세가 있으며 SIRS 기준 중 열이 하나 충족되는 상태로, 보다 건강해 보이는 환자",4
"열 증세가 관찰되는 환자로, 패혈증 가능성은 낮지만 경고 신호일 수 있습니다.",4
"우울증 증상을 보이는 환자로, 자살 생각이 없으며 우울함을 호소하는 환자",4
호흡에 어려움이 없는 환자,4
"양측 다리에 부기가 있으며 열이 있고, 1SIRS 기준을 만족하는 환자",4
식욕부진이 있으며 건강해 보이는 환자,4
"열이 있으나 건강해 보이며, SIRS 기준 중 열만 만족시키는 환자",4
질 출혈이 있으며 경증이거나 점상인 환자,4
급성 중심성 경증 통증을 호소하며 20주 미만의 임신으로 내원한 환자,4
급성 중심성 경증 통증을 호소하며 의료 장비 문제로 내원한 환자.,4
이물질로 인한 눈의 급성 말초성 중등도 통증을 호소하는 환자.,4
만성 중심성 중등도 통증을 호소하며 복부종괴 또는 팽만이 있는 환자,4
열 증세를 보이며 1SIRS 기준을 만족하는 안면외상 환자,4
"급성 중심성 경증 통증을 호소하는 환자로, 소변 배출 장애가 있는 경우",4
"열 증상이 있으며 1SIRS 기준을 충족하는 환자, 생식기 외상을 가졌을 가능성이 있는 환자",4
"급성 말초성 중등도 통증을 호소하는 환자로, 국소성 부종 혹은 발적이 있을 수 있습니다.",4
"열 증상이 있으며, 1가지 SIRS 기준을 만족하는 환자",4
"만성 말초성 중증 통증을 호소하는 환자로, 전문 진료가 필요한 상태입니다.",4
급성 말초성 중등도 통증을 호소하며 이물질 또는 이물체가 귀에 들어간 것으로 의심되는 환자,4
"생리불순, 생리 과다, 생리통 등 생리문제로 인한 불편을 겪는 환자",4
만성으로 지속되는 말초성 상지 통증이 심한 환자,4
열상이 있고 출혈이 지혈되거나 조절되고 있는 환자,4
"급성 말초성 중등도 통증을 호소하는 환자로, 국소성 부종이나 발적이 있는 상태입니다.",4
열이 있으며 건강 상태가 양호해 보이는 환자,4
"생리불규칙로 인한 열이 있으며, 1SIRS 기준을 충족시키는 환자입니다.",4
열이 있지만 건강 상태가 괜찮아 보이는 환자입니다. SIRS 기준 중 고열이 있어 1가지 기준을 만족하고 있는 상태입니다.,4
급성 말초성 중등도 통증을 호소하는 피부 상태를 가진 환자,4
급성 말초성 중등도 통증을 호소하며 피부 감염 가능성이 있는 환자,4
"안면통증을 호소하며 건강해보이는 환자로, 열이 있고 1SIRS 기준을 만족하는 상태",4
샅고랑부위(Groin) 통증을 호소하는 환자급성 중심성 경증 통증(<4)을 호소하는 환자,4
급성 중심성 경증 통증을 호소하는 환자입니다.,4
급성 중심성 경증 통증을 호소하는 20주 이상의 임신부로 내원한 환자,4
급성 중심성 경증 통증을 호소하는 환자.,4
"유방의 발적이 있고 열이 있으며, 1SIRS 기준을 만족하는 환자",4
"열이 있으며 피부에 혹, 돌기, 굳은살이 있는 환자로, 1가지 SIRS 기준만 충족된 상태입니다. 해당 환자는 건강해 보입니다.",4
열증상이 있으며 1SIRS 기준을 만족하는 전신쇠약 환자,4
"만성 중심성 중등도 통증을 호소하고 있는 환자로, 일반 진료를 받으러 왔습니다.",4
"열 증세를 호소하며 패혈증 가능성이 있는 상태로, 1SIRS 기준을 만족하는 환자환자는 열을 호소하며, 패혈증의 가능성이 있으며, 1SIRS 기준을 충족하는 상태일 수 있습니다.",4
열 증세가 있으며 1SIRS 기준을 만족시키는 환자,4
열이 있으며 환자의 상태가 건강해 보이는 상태에서 객혈이 나오는 호흡기 질환  ,4
우울증이 있는 환자로서 자살 생각은 없으며 우울한 감정을 느끼고 있는 상태입니다.,4
경미한 출혈이 있으나 자궁경부 열림이 없는 환자,4
만성 중심성 중등도 통증을 호소하는 생식기 외상 환자,4
"만성 중심성 중등도 통증을 호소하는 환자로, 생식기 외상으로 인한 증상을 보이는 경우.",4
"열증상이 있으나 건강해보이며, SIRS 기준을 충족시키는 환자",4
만성 말초성 중증 통증을 호소하며 생식기의 분비물 혹은 피부병변이 있을 수 있는 환자입니다.,4
만성 중심성 중등도 복통을 호소하는 환자,4
열이 있으며 건강 상태가 양호해 보이는 중증 외상으로 관통 상을 가진 환자,4
"급성 말초성 중등도 통증을 호소하는 환자로, 요로감염이 의심되는 상황을 보이는 경우",4
급성인데 중등도인 상지 통증이 있는 환자,4
열을 호소하며 건강해보이는 환자열 증상이 있으며 1SIRS 기준을 만족하는 환자,4
"열(건강해보임)으로 현혹된 상태로, SIRS 기준을 충족하는 환자",4
급성 말초성 중등도 통증이 있는 귀 통증 환자,4
급성 중심성 경증 통증을 호소하는 성폭행 피해자,4
열과 구토 증상을 보이며 건강 상태가 나쁘지는 않은 환자,4
"열과 안와주위 부종이 있으며, 건강해보이는 환자",4
급성 말초성 중등도 통증을 호소하는 단독 흉부 둔상 환자  ,4
만성 중심성 중등도 통증을 호소하는 요통 환자,4
열이 있지만 건강 상태로 보이는 환자,4
"석고붕대가 꽉 끼어 아프지만, 신경혈관 장애는 없는 환자",4
만성적인 환각으로 인한 경증의 불안과 초조함을 겪고 있는 환자,5
만성 말초성 통증으로 인한 상지 통증 증상을 보이며 통증 점수가 8점 미만인 환자,5
급성 말초성 소양증으로 인한 경증 통증을 호소하는 환자,5
만성 말초성 통증으로 인한 경증 증상을 호소하는 환자,5
만성 또는 반복적인 두통을 호소하는 환자환자의 두통 증상에 대한 상세한 평가 및 치료가 필요합니다.,5
건강해보이며 열이 없지만 상기도 감염 증상을 호소하는 환자.,5
급성으로 발생한 말초성 혈뇨로 인해 경증 통증을 겪고 있는 환자,5
항문이나 직장 부위에 외상 손상을 입은 환자소화기:설사:급성 설사급성 설사 증상을 보이는 환자소화기:식욕부진:급성 식욕부진급성으로 식욕이 감퇴한 환자,5
급성으로 발생한 눈 주변 경증 통증을 호소하며 재검을 요청한 환자,5
급성 말초성 경증 안면통증이 있는 환자,5
급성으로 발생한 귀 손상으로 인해 경계적인 통증을 느끼는 환자,5
황달이지만 건강해보이는 환자화당 관련 증상이 있지만 환자의 전반적인 건강 상태는 양호한 상태여 보임,5
급성으로 발생한 말초성 경증 통증을 호소하고 있는 환자,5
급성으로 발생한 코 이물질로 인해 경증 통증을 겪고 있는 환자.,5
생식기의 분비물이나 피부병변으로 인해 급성 말초성 경증 통증을 호소하는 환자,5
만성 중심성 경증 통증을 호소하는 경부부종 환자,5
급성 말초성 경증 통증을 호소하는 환자 관찰 및 치료  ,5
눈이 붉고 눈물이 나는 증상으로 만성적인 증세를 보이는 환자  ,5
급성으로 발생한 경증 코외상으로 인한 코 통증이 발생한 환자,5
만성 중심성 경증 통증을 호소하는 변비를 가진 환자,5
"만성으로 계속되는 복부 종괴 또는 팽만 증상이 있지만, 환자의 건강 상태는 일반적으로 양호한 것으로 보입니다.",5
급성으로 발생한 관절 부종으로 인한 경증 통증을 호소하는 환자.,5
"감염 가능성이 있는 상황으로, 상처 부위가 붓고 붉게 변하며 높은 열이 나타나는 환자",5
급성 말초성 경증 통증을 호소하는 환자,5
"급성으로 발생한 경증 통증이 있고, 상처를 확인해야 하는 환자",5
생식기 외상으로 인한 통증이 없는 상태의 환자,5
급성 말초성 경증 통증을 호소하는 음순부종 환자,5
만성 불면증으로 인해 수월한 수면에 장애를 겪고 있는 환자,5
"급성 말초성 경증 통증을 호소하는 환자로, 동상이나 냉 손상으로 인한 피부 손상이 있는 경우",5
정상 범위에서 비정상 검사 수치를 보이지만 활력 징후나 위험 수치는 나타나지 않는 상태,5
경증한 증상을 호소하며 특이적인 증상이 없는 환자,5
상지 손상으로 인한 만성 경증 통증을 호소하는 환자,5
샅고랑부위(Groin) 통증이 있는 환자샅고랑부위(Groin) 통증을 호소하며 종괴를 보이는 환자,5
급성 말초성 경증 통증을 호소하는 물림 환자.,5
생식기의 분비물이나 피부병변으로 인한 급성 말초성 경증 통증을 호소하는 환자.,5
만성 말초성 통증으로 증상을 호소하며 경증의 통증을 느끼는 환자,5
급성으로 발생한 질 통증 및 가려움을 호소하는 환자 중에서 말초성이며 경증인 경우(<4),5
"코가 이상 없어 보이며, 열이 없는 상태",5
피부에 외부 이물질이 묻은 상태로 증상을 보이는 환자,5
"눈의 상태를 재확인하기 위한 안과 내원안과에서 눈의 건강 상태를 다시 확인하는 과정입니다. 기존에 발견된 문제나 증상을 다시 검토하고, 추가적인 검사나 치료가 필요한지 평가합니다.",5
만성 중심성 경증 통증을 호소하며 복부 불쾌감을 느끼는 환자,5
만성 중심성 경증 통증을 호소하며 혈뇨 증상이 있는 환자.,5
"급성 말초성 경증 통증을 호소하는 환자로, 음순부종이 의심되며 통증이 4단계 미만인 경우입니다.",5
만성 중심성 경증 고환 통증 및 부종으로 증상이 경미한 환자,5
"드레싱을 교체하는 과정을 안내하는 대표적인 단계들은 다음과 같습니다.드레싱 교체 손을 씻고 필요한 모든 장비를 손에 쥐어 환자 주변에 정리합니다. 이전 드레싱을 제거하고 상처를 깨끗하게 닦아 청결을 유지합니다. 적절한 방법으로 새로운 드레싱을 가져와 상처에 씌웁니다. 새로운 드레싱이 올바르게 고정되었는지 확인하고 외부로 고리나 밴드를 사용하여 보호합니다.드레싱을 교체하는 과정은 상처의 상태와 환자의 상황에 따라 다를 수 있으므로, 실제 교체 시에는 전문가의 지시에 따라 진행해야 합니다.",5
급성 말초성 혈뇨로 인해 경증(통증 점수 <4)을 호소하는 환자,5
질 분비물이 경증인 환자,5
만성이고 경증인 요로감염으로 인한 증상이 있어 상담을 받고 싶어 ,5
만성 중심성 경증 통증을 호소하는 변비 증상을 보이는 환자,5
만성 말초성 통증으로 인한 손 상처로 8점 이하의 통증을 호소하는 환자,5
하지의 만성 경증 통증을 호소하는 환자확립된 질병이나 손상으로 인한 지속적인 하지 통증을 호소하는 환자,5
스테이플이나 봉합사를 제거하는 절차를 겪은 환자  ,5
찰과상이 있으며 경미한 통증을 느끼는 환자,5
급성 말초성 경증 통증을 호소하는 환자  ,5
"양측 다리에 부종이 있고, 급성으로 발생한 경증 통증이 있는 환자",5
"코막힘 증상을 호소하는 환자 중 건초열 증상을 보이는 경우, 건초열에 대한 치료 및 증상 완화를 위해 상담이 필요합니다.",5
"피부 표면에 혹, 돌기, 굳은살이 발견되는 환자피부 표면에 이상이 있는 환자를 지칭합니다.",5
"만성이거나 비급성인 정신건강 상태를 가진 환자들은 장기적인 관리와 지속적인 치료가 필요합니다. 이러한 상태에는 조현병, 우울증, 불안장애 등이 포함될 수 있으며, 치료에는 정기적인 약물 복용, 정신과 상담, 사회적 지지가 필요할 수 있습니다. 또한, 가족이나 주변 사람들의 지원과 이해가 중요하며, 적절한 사회복지 시스템과의 연계도 필요합니다. 이러한 환자들은 정기적인 치료와 관리를 통해 삶의 질을 향상시키고, 사회에서의 적응을 돕는 것이 중요합니다.",5
"급성으로 발생한 직장 혹은 회음부 통증이 있으며, 경증 수준의 통증을 호소하는 환자.",5
샅고랑부위(Groin)통증을 호소하는 환자만성 중심성 경증 통증(<4)을 호소하는 종괴 환자,5
안와 주위에 부종이 발생한 환자,5
"스테이플이나 봉합사 제거를 위해 방문한 환자화상, 통증, 출혈 등의 합병증이 없는 환자",5
"급성으로 발생한 눈 충혈과 눈 분비물이 있으며, 말초성에서 경증한 통증(4점 미만)을 호소하는 환자",5
"눈 상태를 다시 확인하는 것으로, 이전 검사 결과를 다시 확인하거나 추가적인 특이사항을 확인하는 과정을 말합니다.",5
경증 증상을 호소하며 특이한 증상이 없는 환자,5
산부인과를 찾은 환자로서 질통증과 가려움이 동반된 증상을 보이는 환자,5
전염성 질환에 노출된 환자식사나 주거환경 등으로 전염성 질환에 노출된 환자,5
"만성 말초성 통증을 호소하며 혈뇨가 있는 환자로, 통증 점수가 8미만인 경우",5
상지의 만성 경증 통증을 호소하는 환자,5
"처방전 및 투약문의에 대해 문의하신 경우, 병원이나 의사의 처방전을 통해 약물을 처방받은 후에 약물을 올바르게 복용하는 방법이나 부작용에 대한 문의 등을 할 수 있습니다. 또한 처방전의 유효기간, 약물의 보관 방법 등에 대한 궁금증을 해결해 드릴 수 있습니다.",5
"유방 부위에 발적이나 압통이 있는 환자로, 급성 말초성 경증 통증을 느끼는 경우입니다.",5
만성 중심성 경증 통증으로 진료를 받는 환자.,5
요통으로 인한 통증이 있는 환자유발 요인에 따라 통증이 발생한 환자,5
스테이플이나 봉합사를 제거하는 과정에서 발생한 급성 말초성 경증 통증이 있습니다.,5
직장내 이물질로 인한 소화기 이상 증상을 보이는 환자,5
급성으로 발생한 직장 또는 회음부에서 경증 통증을 호소하는 환자,5
비특이적인 경증 증상을 호소하는 일반 환자,5
"만성 중심성 경증 통증을 호소하고 있는 입, 인후, 경부의 환자  ",5
만성 말초성 통증으로 인한 하지 통증을 호소하는 환자,5
"생식기의 분비물 또는 피부병변을 가진 환자들은 비뇨기과를 찾아야 합니다. 이러한 증상을 호소하는 환자는 생식기의 감염이나 염증, 성병과 같은 병변의 가능성이 있습니다. 비뇨기과 의사는 증상의 원인을 조사하고 적절한 치료를 제시할 수 있습니다.",5
고환 부위의 통증과 부종이 동반된 상태로 외상이나 감염 등으로 인한 가능성이 있습니다.,5
급성으로 발생한 귀 이물질로 인한 말초성 경증 통증을 호소하는 환자,5
급성으로 발생한 말초성 경증 통증이 있으며 잇몸 또는 치아 문제로 인해 불편을 겪는 환자,5
"질 내 이물질이 발견된 환자산부인과 진료가 필요한 상황으로, 질 내 이물질이 발견된 환자",5
급성 말초성 경증 코외상으로 인한 코 통증을 호소하는 환자,5
급성으로 발생한 상지의 경증 통증으로 환자가 <4 수준의 통증을 호소하는 경우,5
만성 말초성 이통으로 인한 귀 통증이 지속되는 환자,5
만성 중심성 경증 두통으로 인한 통증을 호소하는 환자,5
급성 말초성 찰과상으로 인한 경미한 통증을 느끼는 환자,5
동상/냉손상 의심 환경에서 발생한 동상/냉손상으로 인해 피부 손상이 있거나 통증을 호소하는 환자,5
"급성 말초성 경증 통증을 호소하는 환자로, 급격한 온도 변화로 인한 동상/냉 손상을 예방하고자 하는 상황입니다.화상 예방을 위한 조치 및 적절한 의료 지원이 필요합니다.",5
"양측 다리에 부종이 있는 환자로, 급성 말초성 경증 통증을 호소하는 환자",5
코막힘과 재채기를 동반한 코막힘의 증상을 보이는 건초열 환자 ,5
국소성 발진이 발생한 피부 상태를 보이는 환자,5
만성 중심성 경증 고환 통증으로 인한 따가운 통증을 호소하는 환자,5
"만성, 비급성 상태에 있는 환자의 사회문제 정신건강에 대한 상담 및 지원이 필요합니다. 해당 환자는 장기간 지속되는 정신적 어려움을 겪고 있으며, 사회적으로도 적응에 어려움을 겪고 있을 가능성이 있습니다. 종단상담 및 정신건강 전문가의 지원이 필요합니다.",5
소화기로 직장내 이물질을 제거하는 상황이물질이 직장 내에 있어 소화기로 제거하는 상황,5
환자가 심각한 호흡곤란으로 숨을 쉬기 어려워하며 피부가 푸르스름하게 변색된 상태,1
환자가 얼굴이 창백하고 식은땀을 흘리며 맥박이 거의 잡히지 않는 쇼크 상태,1
"환자가 바닥에 쓰러져 의식을 잃었고, 주변의 소리에 반응하지 않으며, 몸이 움직이지 않는 상태",1
환자가 심한 호흡곤란으로 숨을 쉬지 못해 곤란해하는 상태,1
환자가 심각한 쇼크로 인해 혈압이 떨어지고 의식을 잃을 위험에 있는 상태,1
"환자가 의식을 잃고 반응이 없으며, 몸이 축 늘어져 있는 상태",1
환자가 심각한 호흡곤란으로 인해 가슴을 크게 오르내리며 숨을 쉬기 힘든 상태,1
환자가 쇼크 상태로 혈압이 급격히 떨어지며 의식을 잃을 위험에 있는 상태,1
"환자가 의식을 잃고 반응이 없으며, 주변 자극에 전혀 반응하지 않는 상태",1
환자가 경련을 일으키며 몸이 떨리고 혼란스러운 상태,1
환자가 자신이나 타인에게 해를 끼칠 구체적인 계획이나 충동을 억제하지 못하는 상태,1
건강한 상태에서 조절되지 않는 위험한 행동을 보이는 환자,1
싸움이나 안전하지 않은 상황에 놓여 있는 환자,1
중증 호흡곤란을 겪고 있는 환자,1
쇼크 상태에 있는 환자,1
무의식 상태(GCS 3-8)에 있는 환자,1
"중증 호흡곤란을 겪고 있는 환자이며, 생명이 위급한 상황입니다.",1
쇼크 상태로 생명이 위급한 환자입니다.,1
"무의식(GCS 3-8) 상태인 환자로, 심각한 의식 저하가 있습니다.",1
"중증 호흡곤란을 겪고 있는 환자로, 생명이 위급한 상황입니다.",1
"환자가 도주할 가능성이 높고, 자신이나 타인의 안전을 위협할 수 있는 위험한 상태",2
"환자가 패혈증의 증상으로 고열, 빠른 호흡, 혼란을 보이는 상태",2
최근 발작을 경험한 환자가 발작 후 초조하고 불안해하는 상태,2
환자가 도주할 가능성이 높아 자신이나 타인의 안전을 위협하는 상태,2
환자가 극심한 불안과 초조함을 느끼며 안절부절 못하는 상태,2
"환자가 심한 불안과 초조함을 느끼며, 주위를 경계하는 상태",2
도주할 가능성이 있는 환자가 자신이나 타인의 안전을 위협하는 상황,2
환자가 숨을 가쁘게 쉬며 중등도의 호흡곤란을 겪는 상태,2
환자가 의식이 흐려지고 주변 상황을 인지하지 못하는 상태,2
열이 나고 면역억제로 감염 위험이 높은 상태,2
패혈증이 의심되는 환자가 고열과 빠른 호흡을 보이는 상태,2
환자가 도주할 가능성이 높아 안전이 위협받는 상태,2
도주할 가능성이 높아 자신과 타인의 안전이 위협받는 상태,2
중등도의 호흡곤란을 호소하는 환자,2
혈역학적 장애로 인한 증상을 보이는 환자,2
의식이 흐릿해져 주변 상황을 제대로 인지하지 못하는 상태,2
열이 나고 면역력이 저하된 상태로 감염 위험이 있는 환자,2
"패혈증의 가능성이 있는 상태로, 고열과 혼란이 동반된 환자",2
도주할 가능성이 높고 안전이 위협받는 환자,2
도주할 가능성이 있으며 반복적인 학대 위험이 있는 상태,2
열이 나고 아파 보이는 환자는 3 SIRS 기준에 미치지 않는 경미한 증상을 보이고 있습니다.,3
급성 중심성 중등도 통증(4-7)을 느끼는 환자는 통증으로 인해 불편함을 호소하고 있습니다.,3
"경증 호흡곤란을 겪고 있는 환자는 숨이 약간 가쁘고, 불안해 보입니다.",3
급성 중심성 중등도 통증(4-7)을 느끼는 환자는 통증으로 인해 약간의 불편함을 호소하고 있습니다.,3
출혈성 질환으로 중등도나 경증의 출혈을 겪고 있는 환자는 증상이 경미하지만 관찰이 필요합니다.,3
이물질이 있는 가능성이 있는 환자는 기도에 장애가 생길 수 있는 상황입니다.,3
경증 호흡곤란을 겪고 있는 환자는 숨이 약간 가쁘고 불안해 보입니다.,3
급성 말초성 중증 통증(8-10)을 겪는 환자는 극심한 통증으로 인해 괴로워하고 있습니다.,3
예측 FEV1 혹은 PEER이 40-60%인 알지 못하는 중등도 천식 환자는 숨쉬기가 어려운 상황입니다.,3
비정상 맥박수와 맥박압을 보이지만 혈역학적으로 안정된 환자는 현재 상태를 유지하고 있습니다.,3
호흡곤란이 없는 연하장애 환자는 음식을 삼키는 데 어려움을 겪고 있지만 호흡은 안정적입니다.,3
급성 말초성 중증 통증(8-10)을 겪고 있는 환자는 극심한 통증으로 힘들어하고 있습니다.,3
만성 중심성 중증 통증(8-10)을 겪는 환자는 지속적인 고통으로 힘들어하고 있습니다.,3
급성발병으로 지속되는 증상을 보이는 환자는 추가적인 검사가 필요합니다.,3
고혈압(수축기혈압≥220 혹은 이완기혈압≥130) 동반된 다른 증상이 없는 환자는 안정적인 상태로 보입니다.,3
고혈압(수축기혈압 200-220 및 이완기혈압 110-130) 고혈압 증상이 동반된 환자는 지속적인 모니터링이 필요합니다.,3
갑자기 보행이 어려워진 환자는 균형을 잃고 불안정하게 움직이고 있습니다.,3
경증 탈수를 겪고 있는 환자는 약간의 갈증을 느끼며 수분 섭취가 필요할 수 있습니다.,3
경증 호흡곤란을 겪고 있는 환자는 숨이 약간 가쁘고 불안한 모습입니다.,3
열이 나고 아파 보이는 환자는 SIRS 기준에 미치지 않는 경미한 증상을 보이고 있습니다.,3
경미한 불안이나 초조함을 느끼지만 비교적 안정되어 있는 상태,4
열이 나지만 건강해 보이며 감염의 가벼운 징후만 있는 상태,4
경증의 불안과 초조함을 느끼지만 비교적 안정된 상태,4
갑작스러운 불면증으로 인해 잠을 이루지 못하는 상태,4
"열이 나지만 건강해 보이며, 경미한 감염 증상이 있는 상태",4
경미한 불안과 초조함을 느끼지만 비교적 안정된 상태,4
경미한 불안이나 초조함을 느끼지만 안정된 상태,4
건강해 보이지만 열이 나고 가벼운 감염의 징후가 있는 상태,4
경미한 불안과 초조함을 느끼지만 안정된 상태,4
환자가 우울한 상태이지만 자살 생각은 없는 안정된 상태,4
대처하기 어려운 상황에 놓여 있는 환자,4
해를 끼치지 않는 행동을 보이는 안정된 상태의 환자,4
학대의 병력이나 징후를 보이는 환자,4
"열(건강해보임) 상태로, 1 SIRS 기준을 만족하는 환자입니다.",4
"만성적인 상태로, 평상시와 변화가 없는 환자입니다.",4
"급성 중심성 경증 통증(<4)을 경험하는 환자이며, 통증이 경미합니다.",4
"만성 중심성 중등도 통증(4-7)을 겪고 있는 환자로, 지속적인 불편함이 있습니다.",4
"급성 중심성 경증 통증(<4)을 겪고 있는 환자로, 통증이 경미합니다.",4
"의식소실의 병력이 없는 환자로, 상태가 비교적 안정적입니다.",4
"열이 나고 건강해 보이는 상태로, 1 SIRS 기준을 만족하는 환자입니다.",4
경미한 말초성 통증(<4)을 느끼는 환자,5
만성 말초성 통증(<8)을 호소하는 환자,5
상지의 만성 경미한 통증을 호소하는 환자,5
급성 말초성 경증 통증(<4)을 느끼는 환자,5
하지의 만성 경미한 통증을 호소하는 환자,5
상지의 외상으로 만성 경증 통증을 호소하는 환자,5
하지의 외상으로 만성 경증 통증을 호소하는 환자,5
급성 말초성 경증 통증이 있어 환자가 약간의 불편함을 느끼는 상태,5
만성 말초성 통증이 있지만 심각하지 않으며 환자가 이를 견디고 있는 상태,5
동상이나 냉손상으로 인해 피부가 손상된 환자,5
경미한 물림으로 인해 불편함을 겪고 있는 환자,5
쏘임으로 인해 불편함을 겪고 있는 환자,5
경미한 찰과상으로 인해 환자가 약간의 불편함을 겪고 있는 상태,5
봉합이 필요 없는 상태로 환자가 경미한 상처를 가진 경우,5
화상이 있으며 경미한 통증을 느끼는 환자,5
급성 말초성 경증 통증(<4)로 인해 환자가 약간의 불편함을 느끼는 상태,5
피부에 이물질이 있어 환자가 불편함을 느끼는 상태,5
상처를 확인해야 하는 상태로 환자의 상태를 평가 중인 경우,5
"스테이플이나 봉합사를 제거해야 하는 상태로, 환자의 상태를 평가하는 중인 경우",5
"국소성 발진이 나타난 환자로, 추가적인 평가가 필요한 상태",5
이 환자 호흡이 없어요! 바로 CPR 준비해주세요!,1
"혈압이 계속 떨어져요, 빨리 약물 준비하세요!",1
여기 의사님 바로 필요합니다! 응급키트 가져오세요!,1
"산소포화도가 70%예요, 빨리 기도 확보해주세요!",1
"출혈이 너무 심해요! 지혈대 가져와요, 빨리!",1
"심전도 찍어봤는데 VT예요, 바로 제세동기 준비!",1
환자 의식이 계속 떨어져요! 빠르게 대응해야 해요!,1
환자가 경련을 시작했어요! 진정제 필요합니다!,1
이 환자 혈액이 멈추지 않아요! 수혈 준비해주세요!,1
환자가 청색증이 있어요! 산소 공급 속도 높여주세요!,1
환자 심박수가 30 이하로 떨어졌어요! 조치가 필요합니다!,1
기도가 막힌 것 같아요! 흡입기 준비해주세요!,1
이 환자 심장소리가 안 들려요! 빠르게 CPR 시작하세요!,1
출혈이 심한데 아직 지혈이 안 돼요. 수술 준비해주세요!,1
환자 동공 반응이 없어요. 바로 진단해야 합니다!,1
산소포화도가 급격히 떨어지고 있어요! 바로 조치 필요합니다!,1
이 환자 무반응 상태입니다. 팀 호출하세요!,1
환자가 쇼크 상태로 보입니다! IV 라인 확보 빨리!,1
갑자기 심정지가 발생했어요! 응급 약물 준비해주세요!,1
환자 상태가 급격히 악화됐어요! 모든 장비 점검하세요!,1
"여기 환자가 계속 흉통을 호소해요, 빠르게 확인해주세요!",2
산소포화도가 조금 떨어졌어요. 모니터링 강화해야 해요.,2
"환자가 구토를 반복하고 있어요, 원인 파악이 시급합니다!",2
이 환자 복부 통증이 심하다는데 상태 확인 부탁드려요!,2
고열이 40도 넘었어요! 열을 낮추는 약물 준비해주세요.,2
"환자가 숨을 가쁘게 쉬어요, 산소 공급 필요해요.",2
"혈압이 불안정한데, 추가 처치가 필요해 보입니다!",2
의식은 있는데 이상 반응이 있어요. 의사님 호출해주세요.,2
"이 환자 갑자기 어지러움을 호소해요, 검사 필요합니다!",2
환자가 심한 두통을 느껴요. 빨리 진단이 필요해요!,2
환자가 혈뇨 증상을 보여요. 원인 파악이 필요합니다.,2
여기 환자가 심한 복통으로 못 움직이고 있어요!,2
계속 메스꺼움을 느낀다고 해요. 약물 투여 필요합니다!,2
환자가 식은땀을 많이 흘리는데 쇼크인지 봐야 해요.,2
환자가 두근거림을 계속 호소합니다. 검사 요청해주세요.,2
여기 환자가 저체온 상태에요. 담요 가져다주세요!,2
혈압이 비정상적으로 높아요. 바로 약물 투여해야 합니다.,2
이 환자 갑자기 혼란스러워해요. 빠른 진단 필요해요!,2
환자가 갑작스런 통증을 호소하고 있어요. 빠르게 진단해야 해요.,2
이 환자 계속해서 숨쉬기가 어렵다고 해요. 추가 산소 필요합니다.,2
환자가 손목을 심하게 삐었어요. X-ray 촬영 준비해주세요!,3
"여기 환자가 머리가 아프다는데, 좀 봐주세요.",3
팔에 발진이 있어요. 빠르게 확인 필요합니다.,3
배가 아프다고 계속 호소하는데 진찰이 필요해요.,3
환자가 손을 심하게 베였어요. 봉합 준비해야 할 것 같아요.,3
열이 나는데 급한 상태는 아닌 것 같아요. 해열제 주세요.,3
환자가 발목을 접질렀어요. 얼음찜질 필요합니다.,3
눈에 이물감이 있다고 해요. 검사 요청해주세요.,3
환자가 이틀째 기침이 심하다고 합니다. 진단이 필요합니다.,3
두통이 계속된다고 해요. 처방 요청합니다.,3
환자가 소변을 제대로 보지 못하고 있다고 해요. 원인 파악 필요합니다.,3
여기 환자가 넘어져서 타박상을 입었어요. 진찰 요청합니다.,3
피부가 가렵고 붉게 변했다고 해요. 약물 처방 요청합니다.,3
환자가 귀가 멍하다고 느낀대요. 청력 검사 필요합니다.,3
여기 환자가 기운이 없고 무기력하다고 합니다. 검사 요청합니다.,3
손에 가벼운 화상을 입었어요. 연고 처치 필요합니다.,3
가슴이 답답하다고 하는데 중증도는 아닌 것 같아요.,3
배가 더부룩하고 소화가 안 된다고 해요. 약물 처방 요청합니다.,3
환자가 목 통증을 호소합니다. X-ray 촬영 필요합니다.,3
발바닥에 통증을 느낀다고 해요. 진찰 필요합니다.,3
환자가 손목에 가벼운 통증을 호소합니다. 진찰 필요합니다.,4
여기 환자가 피부에 작은 상처가 생겼어요. 소독이 필요해요.,4
발목이 살짝 부어있다고 합니다. 냉찜질 권장합니다.,4
환자가 소화불량을 느끼고 있다고 해요. 약물 처방 부탁드립니다.,4
목이 아프다고 해요. 진단 후 간단한 처치가 필요할 것 같아요.,4
이 환자가 피부 건조증으로 가려움을 호소합니다. 보습제 권장합니다.,4
손가락을 살짝 베였어요. 소독 후 붕대 감아주세요.,4
여기 환자가 감기 증상으로 내원했어요. 기본 약 처방해주세요.,4
배가 더부룩하다고 호소합니다. 추가 검사는 필요 없어 보입니다.,4
머리가 가볍게 아프다고 하는데 심각한 증상은 아닌 것 같아요.,4
환자가 손톱 주위가 부어있다고 해요. 감염 가능성 확인 필요합니다.,4
가벼운 두드러기 증상이 있어요. 알레르기 약 처방 필요합니다.,4
이 환자가 무릎에 가벼운 통증을 호소하고 있습니다.,4
여기 환자가 가벼운 어지러움을 느낀다고 해요.,4
발바닥에 작은 물집이 생겼다고 합니다. 간단한 처치로 해결될 것 같아요.,4
가슴 답답함이 있지만 검사 결과 이상이 없다고 합니다.,4
환자가 손톱에 가벼운 충격으로 통증을 느낀다고 해요.,4
입술에 헤르페스 증상이 있어요. 약 처방 필요합니다.,4
환자가 손목에 간단한 긁힘이 있다고 합니다. 소독 부탁드립니다.,4
목이 간지럽고 건조하다고 해요. 가글 용액 처방 필요합니다.,4
환자가 예방 접종을 받으러 왔다고 합니다.,5
여기 환자가 건강 검진 상담을 요청했어요.,5
환자가 약 처방 갱신을 위해 방문했습니다.,5
피부에 작은 점이 생겼다고 해서 확인 요청드립니다.,5
가벼운 기침으로 약 처방만 필요하다고 합니다.,5
환자가 단순 체중 감량 상담을 위해 방문했습니다.,5
여기 환자가 일상적인 혈압 측정을 원한다고 해요.,5
눈이 가끔 가려운 증상을 호소하고 있습니다.,5
입냄새가 심하다고 해서 구강 위생 상담이 필요합니다.,5
피부에 가벼운 건선 증상이 있다고 해요.,5
일반적인 건강 검진을 위해 방문했다고 합니다.,5
환자가 귀에 약간의 이물감을 느낀다고 합니다.,5
발톱에 이상이 생겼다며 상담을 요청했어요.,5
환자가 일상적인 예방을 위해 내원했습니다.,5
피부가 햇볕에 탔다고 해서 로션 처방 요청합니다.,5
머리카락이 가늘어졌다며 상담을 요청합니다.,5
환자가 소화 개선을 위한 영양제를 요청했습니다,5
일반 피로감을 해소할 방법에 대해 상담 요청했어요.,5
코가 막혀서 간단한 비강 세척 처방을 원한다고 합니다.,5
평소 건강 상담을 위해 예약하고 왔다고 합니다.,5
호흡기 질환으로 인해 의식 수준이 심각하게 낮아진 환자,1
"  호흡기 질환으로 인한 과다호흡증후군으로, 의식 수준이 매우 낮은 상태의 환자입니다.",1
"중증 호흡곤란을 호소하는 20주 미만의 임신부로, 산부인과 응급실 방문이 필요합니다.",1
생식기 외상으로 인해 무의식 상태에 있는 환자,1
중증 호흡곤란으로 인한 응급 상황이 발생한 물질오용 또는 물질금단 환자,1
중증 호흡곤란을 호소하며 혈뇨 증세를 보이는 환자.,1
중증 호흡곤란으로 인한 연하장애 또는 연하곤란이 있는 환자그리고 이비인후과 카테고리에 해당합니다.,1
중증 두부 외상으로 인해 의식이 무의식 상태에 있는 환자,1
상지 통증을 호소하며 쇼크 상태에 있는 환자,1
"심각한 관통 상처를 입은 환자로, 의식이 없거나 의식이 혼미한 상태인 환자입니다.",1
"성폭행을 당한 환자로, 무의식 상태(GCS 38)에 있는 경우",1
토혈로 인한 중증 호흡곤란을 보이는 환자,1
호흡을 하지 않는 상태로 위급한 상황에 처한 환자,1
복부종괴나 팽만으로 인해 쇼크 상태에 있는 환자,1
다뇨증 환자가 쇼크 상황에 처한 경우,1
중증 호흡곤란을 호소하는 환자로써 심인성 흉통이 의심되는 경우.,1
중증 호흡곤란을 보이며 저체온증에 시달리고 있는 환경손상 환자입니다.,1
화상으로 호흡곤란 증세를 보이는 환자,1
물질 오용으로 인해 발생한 심각한 중독으로 인한 쇼크 상태에 있는 환자,1
단독 복부외상으로 인한 중증 호흡곤란을 보이는 환자,1
체표면적이 25% 이상이 화상을 입은 환자,1
"  입, 인후, 경부에 외상을 입었고 무의식 상태(GCS 38)에 있는 환자  ",1
중증 관통상을 입은 환자로 인한 쇼크 증상을 보이는 환자,1
토혈로 인한 출혈성 쇼크를 보이는 환자,1
중증 호흡곤란을 보이며 실신이나 전실신 증상이 있는 심혈관 질환 환자,1
중증 호흡곤란을 호소하는 환자 중 심장과 관련된 흉통을 경험하는 환자,1
안면외상으로 인한 쇼크 상태에 있는 환자,1
중요한 호흡기 문제로 숨을 참고 있으며 의식 수준이 매우 낮은 환자,1
"해당 환자는 복부 부위에 둔상을 입은 상태이며, 이에 따른 충격 증세가 나타날 수 있습니다.",1
중증 탈수로 인해 혈액순환이 저하된 상태의 환자,1
중증 호흡곤란으로 인해 보행이 어려운 환자,1
긴급한 상황일 수 있으므로 응급처치 및 신속한 조치가 필요한 환자,1
복통으로 시작된 심한 충혈성 쇼크 상태의 환자,1
"의식이 없거나 매우 혼란스러운 상태로, 발작을 일으키는 환자",1
전신성 부종으로 인한 쇼크 상태에 있는 환자,1
중증 호흡곤란을 보이며 쏘임으로 인한 알레르기 반응이 의심되는 환자,1
실신 또는 전실신 상태에서 쇼크 증상을 보이는 환자,1
생식기 외상을 입고 의식 수준이 낮은 환자,1
알레르기반응으로 인해 발생한 호흡곤란과 혈압 하락으로 인한 쇼크 증상을 나타내는 환자,1
중증 화상으로 인한 환경손상이 우려되는 환자,1
조절되지 않는 기괴한 행동을 보이는 환자,1
"단독 관통상을 입은 환자로 오는 환자로, 쇼크 증상이 나타나는 환자",1
구강이나 식도에 이물질이 있어 호흡곤란이나 질식 가능성이 있는 상태쇼크 증세를 보이거나 쇼크 상태에 있는 환자,1
중증 호흡곤란을 호소하는 성폭행 피해자,1
의식이 없거나 심각하게 감소한 상태로 사지약화나 뇌졸중 증상이 나타나는 환자,1
중증 호흡곤란이 있으며 비정상 검사 수치를 보이는 환자,1
열에 무의식이 동반된 환자 중 의식 수준이 GCS 38 사이인 경우,1
중증 호흡곤란을 호소하며 복통을 호소하는 환자,1
두통으로 인해 쇼크 증상을 보이는 환자,1
옆구리 통증과 함께 쇼크 증상을 보이는 환자,1
심혈관 질환으로 인한 비 심인성 흉통과 쇼크 증상을 보이는 환자,1
"의식이 없거나 무의식인 환자로, GCS 점수가 3에서 8 사이인 환자",1
외상성 척추 손상으로 인해 의식이 없는 환자(GCS 38),1
외상으로 인한 중증 호흡곤란을 보이는 환자,1
"국소성 부종이 발생하여 심한 통증을 호소하고 있으며, 쇼크 상태에 있는 환자",1
열상이나 천공으로 인한 출혈이 심한 상태로 출혈로 인한 쇼크 증상을 보이는 환자,1
심혈관 질환이 동반된 전신성 부종으로 인해 의식 수준이 매우 낮아 GCS 점수가 3에서 8 사이인 환자,1
심각한 수분 부족으로 인해 혈압과 혈중 전해질 수치가 급격히 변화하여 쇼크 상태에 놓인 환자,1
중증 외상으로 인한 무의식 상태(GCS 38)를 보이는 경부 외상으로 오는 환자,1
척추 골절과 신경학적 손상을 동반한 중증 관통상을 가진 환자두부에 관통상을 입은 환자,1
신경과의 현훈 중 하나인 쇼크 상태에 있는 환자,1
자신이나 타인에게 피해를 입힐 수 있는 조절되지 않는 기괴한 행동을 보이는 환자,1
쇼크 상태에 있는 환자로서 특히 하지에서 발생하는 통증을 호소하는 경우,1
호흡기:과다호흡증후군:쇼크쇼크 상태에 있는 환자로 호흡이 과다하고 빠른 속도로 이루어지는 상태를 보이는 환자,1
중증 호흡곤란을 경험하며 유해물질을 흡입한 환자들은 즉시 응급상황으로 분류됩니다. ,1
중증 호흡곤란을 호소하며 흉통을 느끼는 환자,1
창백하고 호흡이 곤란한 환자,1
심각한 두통을 호소하며 쇼크 증상을 보이는 환자,1
피부:쏘임(Sting):무의식(GCS 38)물림 또는 쏘임으로 인한 피부 손상이 있으며 의식 수준이 낮은 환자,1
" 호흡이 과다하고 뚜렷한 호흡 소리가 나는 환자로, 의식 잃고 있는 상태에 있습니다. 호흡기 속도가 높아지면서 호흡 소리가 확연히 들리며, 의식이 떨어져 있는 상태입니다.",1
"열상을 입고 의식이 없는 상태로 왔다면, 뇌손상의 가능성이 큽니다. 또한 천공이 있는 경우에는 상처가 심하고 출혈이 심할 수 있습니다. 신속한 응급처치와 병원으로의 이송이 필요합니다.",1
발작을 보이는 환자,1
복통과 함께 쇼크 증상을 보이는 환자,1
중증 호흡곤란을 호소하며 흉통을 호소하는 환자,1
구강이나 식도에 이물질이 있어 중증 호흡곤란을 일으키는 환자,1
절단 상처가 있고 쇼크 증상을 보이는 환자,1
중증 호흡곤란을 보이는 물림 상처가 있는 환자,1
맥박이 없고 차가운 사지 말단을 보이며 중증의 호흡곤란을 보이는 환자,1
중증 호흡곤란을 호소하는 인후통 환자.,1
심혈관:사지 말단부위에 맥박이 없고 차가운 상태쇼크로 의심되는 환자,1
중증 호흡곤란과 함께 전신성 부종이 나타나는 환자,1
중증 호흡곤란을 보이고 있는 환자,1
중증 호흡곤란을 보이며 상지 손상을 입은 환자,1
"환자의 의식 수준이 심각하게 하락하여 GCS 38에 해당하는 상태로, 호흡기 알레르기 반응으로 인한 무의식 상태에 있는 환자입니다.",1
"중증 관통상을 입은 환자로, 의식이 없거나 의식 수준이 매우 낮은 상태인 환자.",1
고혈당으로 인해 의식이 없는 환자무의식 상태에서 GCS 점수가 38 사이인 환자,1
중증 호흡곤란을 보이는 하지 손상 환자,1
상지 통증과 동반된 중증 호흡곤란을 보이는 환자,1
"의식이 없거나 깊은 혼미 상태에 있는 환자로, GCS 점수가 3에서 8사이인 환자",1
중증 호흡곤란을 호소하는 요통 환자.,1
"무의식에 빠진 환자로, 인후통을 호소하며 Glasgow Coma Scale(GCS) 점수가 38점인 환자",1
임신 중 재발하는 질출혈로 인한 주의가 필요한 산모,1
외상으로 인한 단독 흉부 관통상으로 쇼크 상태에 있는 환자.,1
심한 출혈로 인해 무의식 상태에 있는 환자,1
중증 호흡곤란을 호소하며 응급실을 찾아오는 환자,1
무의식 상태에서 구강이나 식도에 이물질이 있어 위험한 상황에 처한 환자,1
복통을 호소하며 심하게 압박감을 느끼는 환자쇼크 상태일 가능성이 있는 환자,1
"심정지의 가능성이 있는 상태로, 환자가 의식을 잃고 호흡이 없는 상황입니다.",1
얼굴 연조직염이 발생한 환자로 안와 주위를 포함한 발진이 있습니다.,2
급성 중심성 중증 통증을 호소하는 단독 흉부외상 관통상으로 인한 환자,2
의식수준이 변화하고 호흡기 증상을 동반한 알레르기반응이 의심되는 환자,2
"패혈증의 가능성이 있는 상태로, 고혈당 문제와 동반된 환자",2
"의식수준이 일부 변화된 상태로, 설사 증상이 동반된 환자",2
혈역학적 장애로 인한 혼란을 보이는 환자,2
심심한 통증이 있고 주로 흉통을 호소하는 환자,2
계획적인 자살을 시도하고자 하는 환자,2
소화기 질환으로 인해 지속적으로 상당량의 토혈이 나타나는 환자,2
"패혈증의 가능성이 있는 20주 미만의 임신부로, 고열과 혼란이 동반된 환자",2
급성 중심성 중증 두통으로 고통을 호소하는 환자,2
의식변화와 호흡곤란 증상을 보이는 환자호흡기 이물질로 인한 호흡장애 가능성이 있는 환자,2
고위험성 사고로 인한 흉부 둔상을 가진 환자,2
중등도 호흡곤란을 호소하는 환자,2
"패혈증의 가능성이 있는 상태로, 구토 혹은 구역을 보이며 고열과 혼란이 동반된 환자",2
호흡기 이물질로 인한 호흡곤란을 경험하고 있으며 열 및 면역억제 상태에 있는 환자,2
"피부에 혹, 돌기, 굳은살이 있으며 의식 수준이 일부 변화된(GCS 913) 환자",2
손가락의 외상성 절단으로 인한 급성 상처가 있는 환자,2
"음순부종이 발생한 환자로 패혈증 가능성이 있는 상태로, 고열과 혼란이 동반된 환자",2
유방에 발적이 있고 압통이 동반된 상태로 혈액순환이 저하되는 환자,2
중등도 호흡곤란 증상을 동반한 핍뇨증 환자,2
"귀가 손상된 환자로, 패혈증의 가능성이 있는 상태로 판단되는 환자입니다.",2
의식변화와 함께 GCS가 913으로 저하된 환자. 가능한 심장병이나 혈관 질환으로 인한 전신성 부종의 가능성을 염두에 둬야 함.,2
중등도 호흡곤란을 보이는 귀에 손상을 입은 환자,2
열 및 면역억제 상태에서 고혈압이 있는 환자,2
외상:단독 흉부외상둔상:혈역학적 장애혈역학적 장애를 보이며 단독 흉부 외상을 입은 환자,2
급성 중심성 중증 통증을 호소하는 중증 관통상을 가진 환자.,2
중등도 호흡곤란을 보이며 전신성 부종이 의심되는 환자,2
사지 말단부위에 맥박이 없고 차가운 상태인 환자,2
"패혈증의 가능성이 있는 상태로, 옆구리 통증과 고열이 동반된 환자",2
단독 복부외상으로 고위험성 사고기전에 노출된 환자,2
의식변화를 보이는 20주 미만의 임신부로 의식상태가 GCS 913인 환자,2
구강 혹은 식도에 이물질이 끼어 혈역학적 장애를 보이는 환자,2
의식 변화와 함께 호흡기 알레르기 반응이 있는 환자,2
하지부위의 통증을 호소하며 의식수준이 변화된 환자,2
절단 상처로 인한 출혈로 혈액순환에 문제가 생기는 환자,2
의식 수준이 있는 정도의 두부 손상을 입은 환자,2
"의식수준의 변화와 혈중 글루코스 수치가 54mg/dl 이하인 환자로, 관련 증상을 보이는 환자",2
안와주위에 부종이 생기고 중등도의 호흡곤란을 보이는 환자,2
혈역학적 장애로 인한 인후통을 호소하는 환자,2
화상이 있고 중등도의 호흡곤란을 보이는 환자,2
중등도 호흡곤란을 호소하며 경부부종과 통증을 느끼고 있는 환자,2
고혈당 증상이 나타나고 혈당 수치가 324mg/dl 이상인 환자.,2
급성 중심성 중증 통증을 호소하는 성폭행 피해자로 응급실을 방문한 환자,2
눈에 화학물질이 노출되어 이물질이 튄 후 증상이 있는 환자환자가 눈에 화학물질을 노출하여 이물질이 튄 후 증상을 보이는 상황입니다.,2
"열, 면역억제 상태로 심한 두통을 호소하는 환자",2
질출혈로 인한 혈액 소실로 인한 혈역학적 장애가 의심되는 환자,2
질 분비물이 있으며 의식수준이 일시적으로 변화한 환자,2
눈에 화학물질이 튀어 이물질로 인한 증상이 있는 환자환자는 눈에 화학물질이 노출되어 발생한 증상이 있음,2
"다뇨증 환자 중 패혈증 가능성이 있는 상태로, 고열과 혼란이 동반된 환자",2
중등도 호흡곤란을 보이며 관절 부종이 있는 환자,2
의식 수준이 변화하며 GCS 점수가 913점인 환자심혈관 질환으로 인한 전신 쇠약 증상을 보이는 환자,2
외상으로 인한 흉부 관통상을 가진 환자로 혈역학적 장애 증상을 보이는 경우,2
뇌신경과:식욕저하:영양실조  식욕이 감소하고 영양 섭취가 부족한 환자,2
"고혈당으로 인한 증상이 있는 환자로, 혈당 수치가 324mg/dl 이상인 경우",2
열과 면역억제 상태로 증상을 호소하는 환자에게 경증 의심 가능합니다.,2
급성 중심성 중증 통증(810)을 호소하는 눈 외상 환자.,2
"혈액 중의 포도당 농도가 정상 수치 이하로 낮아진 상태로, 혈액순환에 이상이 있을 수 있는 환자",2
"열, 면역억제 상태인 환자가 중증 외상으로 인한 관통상을 가지고 있는 경우",2
"패혈증의 가능성이 있는 상태로, 전신성 부종이 동반되어 있는 환자",2
자가반응성 발진이나 점막에 발진이 있고 통증을 느끼는 환자,2
출혈성 질환으로 인한 생명이나 사지에 위급한 상황에 처한 환자,2
안와주위 부종이 있고 의식수준이 일부 변화된 환자,2
"식욕부진을 호소하며 패혈증의 가능성이 있는 상태로, 고열과 혼란이 동반된 환자",2
"급성 중심성 중증 통증을 호소하며 혈뇨를 경험하는 환자입니다. 이는 비뇨기과의 관심이 필요한 상황으로, 즉시적인 평가와 치료가 요구됩니다.",2
인후통과 함께 침흘림 또는 협착음 증상이 있는 환자,2
요로감염으로 인한 혈액순환이 영향을 받아 혈역학적 장애를 보이는 환자,2
열이 있고 면역이 억제된 상태에서 물질 오용이 의심되는 환자,2
"패혈증의 가능성이 있는 상태로, 경증 증상을 호소하는 환자",2
중등도 호흡곤란을 보이며 전신성 부종이 발생한 심혈관 질환 환자,2
중등도 호흡곤란을 호소하며 상지 통증을 느끼는 환자,2
이비인후과 진료 중 연하장애 혹은 연하곤란으로 내원한 환자 중 의식수준이 GCS 913인 환자,2
중등도 호흡곤란이 동반된 하지 통증을 호소하는 환자,2
열상이 있고 생명이나 사지에 위급한 출혈이 있는 환자,2
"변비로 인한 소화기 증상이 있으며, 패혈증의 가능성이 있는 상태로, 고열과 혼란이 동반된 환자",2
패혈증의 가능성이 있는 상태로 발진을 동반한 환자,2
중등도 호흡곤란을 호소하며 하지 통증을 호소하는 환자,2
중등도 호흡곤란을 보이며 객혈이 있는 환자,2
급성 중심성 중증 통증(810)을 호소하며 내원한 생리문제로 산부인과를 찾은 환자,2
"입, 인후, 경부 부위에 부종이나 통증을 호소하며 의식 수준이 일부 변화한 환자언어나 자극에 대한 반응이 둔하며, GCS(글라스고 의식 상태 척도)가 913 사이인 환자",2
출혈성 질환으로 인해 생명이나 사지에 위급한 상황에 처한 환자,2
"의식변화를 보이는 환자로, 관절 부종이 동반된 상태",2
"중등도 호흡곤란을 보이며, 물질오용 또는 중독으로 인한 상태의 환자",2
"의식 수준이 변화하고 있는 환자로, 저체온증을 가진 경우",2
소화기 질환으로 인한 설사로 인해 혈역학적 장애를 호소하는 환자,2
"급성 중심성 중증 통증을 호소하는 환자로, 외상으로 인한 척추 손상 가능성이 높은 상황입니다. 가능한 척추 손상을 의심하여 신속한 정형외과적 평가와 치료가 필요합니다.",2
"물질오용이 의심되는 환자에서 물질금단이 나타나며, 패혈증의 가능성이 있는 상태로, 고열과 혼란이 동반된 환자입니다.",2
안과:안와주위 부종:의식변화(GCS 913)안와주위 부종으로 인한 안면 부종이 있으며 의식수준이 변화된 환자,2
"의식수준이 변화한 환자로, 구강이나 식도에 이물질이 있을 가능성이 있는 경우  ",2
소화기 질환으로 인한 샅고랑부위(Groin) 통증을 호소하며 의식수준이 변화한 환자,2
열을 호소하며 면역억제 상태에 있는 환자심장박동이 심계항진 또는 불규칙한 상태인 환자,2
"열 및 면역억제 상태를 가진 환자가 현훈(혼란)을 보일 수 있습니다. 이러한 환자는 발열 및 면역기능 저하로 인한 감염의 가능성이 있으며, 혼란이 동반될 수 있습니다. 즉각적인 의료진의 평가와 조치가 필요합니다.",2
"심혈관 질환으로 심계항진/불규칙한 심장박동을 보이는 환자패혈증의 가능성이 있는 상태로, 고열과 혼란이 동반된 환자",2
"열증상이 동반된 코피를 보이며, 패혈증 가능성이 있는 환자",3
코감기로 인한 경증 호흡곤란이 있는 환자,3
"피부에 혹, 돌기, 굳은살이 있고 경미한 호흡곤란을 호소하는 환자",3
긴급하게 발생한 시야의 갑작스러운 감소로 인한 안과 질환을 가진 환자,3
"비정상 검사 결과를 보인 환자로, 혈액순환이 안정된 상태에서 비정상적인 맥박수나 맥박압을 보이는 환자입니다.",3
만성 중심성 중증 통증을 호소하며 경부부종이 있는 환자.,3
"열이 나는 상태이며, 패혈증 가능성이 있으나 <3 SIRS 기준을 만족하지 않는 환자",3
발진이 있는 환자로 혈역학적으로 안정한 상태에서 비정상적인 맥박수나 맥박압을 보이는 경우,3
급성 중심성 중등도 통증을 호소하는 환자입니다.,3
급성 중심성 중등도 흉통을 호소하는 환자.,3
급성 중심성 중등도 통증을 호소하는 환자,3
급성 중심성 중등도 통증을 호소하는 복부 외상을 가진 환자,3
"직장에 이물질이 있는 환자로 경증 호흡곤란을 호소하는 경우, 긴급한 응급 처치와 병원 방문이 필요합니다. ",3
"창백하고 피부가 창백한 환자로, 중등도나 경증의 출혈 증상이 있는 환자",3
경증 호흡곤란과 동반된 혈뇨 증상이 있는 환자,3
급성으로 발생한 말초성 중증 통증을 호소하는 관절 부종이 있는 환자,3
급성으로 발생한 상지 통증이 심하고 지속적인 환자,3
익수한 화학물질에 노출되어 호흡곤란 증상을 보이는 환자,3
"열증상이 있고 SIRS 기준을 만족하지 않는 환자로, 전문 진료가 필요한 상황입니다.",3
열상이 있고 비정상 맥박수 및 맥박압을 보이지만 혈역학적으로 안정한 환자,3
연하장애 증상이 있는 환자,3
급성 중심성 중등도 통증을 호소하며 황달 증상이 있는 환자,3
직장이나 회음부 통증을 호소하며 경증의 호흡곤란을 겪고 있는 환자,3
"급성으로 발생한 중증 눈 통증을 호소하며, 이물질이 눈안에 있을 가능성이 있는 환자",3
급성 말초성 중증 통증을 호소하는 요로감염으로 의심되는 환자.,3
"열이 있고 3SIRS 기준을 만족하는 환자로, 기괴한 행동을 보이며 아파하는 증상을 보이는 환자",3
"설사로 인해 혈압과 맥박이 비정상적으로 높지 않고, 혈압과 맥박이 안정한 상태인 환자",3
소화기 질환으로 인한 구토나 구토 후 발생한 구토물이 기도를 차단하여 호흡이 곤란한 환자,3
경증 호흡곤란을 호소하며 물질오용 또는 물질금단으로 인한 상태에 있는 환자,3
"안구 주위에 부종이 발생하고 있으며, 혈압과 맥박이 정상 범위 내에 유지되고 있는 안과 환자.",3
척추 고정이 필요한 뇌 손상으로 인해 장기간 척추를 고정해야 하는 상황,3
설사와 경증 호흡곤란을 호소하는 환자,3
"급성 중심성 중등도 통증을 호소하는 환자로, 눈이 눈부심을 느끼고 있는 상태입니다.",3
혈역학적으로 안정한 상태에서 비정상 맥박수나 맥박압을 보이는 환자,3
만성 중심성 중증 통증을 호소하며 고환 부종과 통증을 겪는 환자,3
안구 주위에 부종이 있으며 혈압과 맥박이 정상 범위 내에 있는 안과 환자.,3
저혈당으로 인한 아무런 증상도 없는 환자,3
흑색변과 커피찌꺼기 모양의 구토를 경험한 환자,3
급성으로 발생한 중증의 질 통증이나 가려움증으로 인해 심각한 불편함을 겪고 있는 환자,3
피부에 혹이 있고 돌기와 굳은살이 형성된 상태에서 경미한 호흡곤란을 느끼는 환자,3
"급성으로 발생한 말초성 중증 통증을 호소하며, 직장내 이물질이 의심되는 환자.",3
창백하고 피가 없어 보이며 중등도나 경증의 출혈 증상을 보이는 환자,3
이비인후과 진료 중에 비정상 맥박수나 맥박압이 있지만 혈역학적으로 안정한 상태에서 연하장애나 연하곤란 증상을 보이는 환자,3
급성 말초성 중증 통증(810)을 호소하며 스테이플 또는 봉합사를 제거해야 하는 환자.,3
출혈성 질환으로 인한 혈변이나 흑색변을 경험하는 환자,3
"급성 말초성 중증 통증(810)을 호소하는 환자로, 스테이플이나 봉합사를 제거해야 하는 상황입니다. 해당 환자는 심한 통증을 겪고 있을 수 있으며, 이로 인해 적절한 조치가 시급한 상태입니다. 즉각적인 치료가 필요할 수 있습니다.",3
중등도나 경증의 출혈을 유발하는 관통상을 입은 환자,3
양측 다리에 부종이 있고 맥박수나 맥박압이 비정상적으로 높은데 혈역학적으로는 안정한 상태인 환자,3
급성 말초성 중증 이통으로 심한 통증을 호소하는 환자,3
전기로 인한 손상으로 비정상적인 맥박수나 맥박압을 보이지만 혈역학적으로는 안정한 상태에 있는 환자,3
성폭행을 당한 환자이며 안정된 상태에 있는 환자,3
급성 중심성 중등도 통증을 호소하는 단독 복부 외상 환자.,3
"열을 호소하며 중증 둔상을 입은 환자로, 패혈증의 가능성이 있으나 <3 SIRS 기준을 만족하지 않는 상태 ",3
"상처를 확인하고 있는 환자로, 혈압과 맥박이 정상 범위 내에 있으며 혈역학적으로 안정한 상태인 환자",3
"비정상 맥박수나 맥박압을 보이지만 혈역학적으로 안정한 상태인 환자, 두부 손상으로 인한 증상을 보이는 환자",3
급성 말초성 중증 통증을 호소하며 이물질로 인한 귀 질환을 발생시킬 수 있는 환자,3
비정상 맥박수 및 맥박압을 보이지만 혈역학적으로 안정한 상태에서 떨림 증상을 보이는 환자,3
중증 외상을 입은 환자로 호흡이 어려운 상황에 처한 환자,3
만성 중심성 중증 통증을 호소하고 있는 요로감염 환자,3
급성으로 발생한 중증의 치아나 잇몸 관련 통증으로 인해 심한 불편함을 느끼는 환자,3
만성 중심성 중증 통증을 호소하는 황달 환자,3
급성 말초성 중증 통증을 호소하며 양측 다리에 부종이 있는 환자,3
"양측 다리에 부종이 있고, 맥박수와 맥박압이 비정상적으로 높지만 혈역학적으로는 안정한 환자.",3
창백하고 빈혈 증상을 보이며 경미한 호흡곤란을 호소하는 환자,3
급성 말초성 중증 통증을 호소하는 환자,3
경증 호흡곤란을 호소하는 환자,3
외상을 입은 환자로 복부에 둔상을 입었으며 열이 있고 아프다고 느껴지는 환자,3
비정상 맥박수와 맥박압을 보이지만 혈역학적으로 안정한 상태에서 실신 또는 전실신 증상을 보이는 환자,3
급성으로 발생한 말초성 중증 통증을 호소하고 있는 환자,3
"열이 있고, <3 SIRS 기준을 만족하는 환자로서 딸꾹질을 경험하는 소화기 질환 환자",3
급성으로 발생한 말초성 중증 눈의 통증이 있는 환자,3
물림 상처가 있는 환자로 혈역학적으로 안정하나 맥박수나 맥박압이 비정상적인 환자,3
"급성 말초성 중증 통증을 호소하는 환자로, 통증 점수가 810인 환자입니다.",3
급성으로 발생한 귀 이물질로 인한 중증 통증을 호소하는 환자,3
급성 중심성 중등도 통증을 호소하며 사지약화 또는 뇌졸중 증상을 보이는 환자,3
수술 후 경증 호흡곤란을 호소하는 환자,3
중등도 불안과 초조함 또는 Paranoia(편집증)를 경험하는 환자,3
출혈성 질환으로 인한 코외상을 입은 환자들은 중등도나 경증의 출혈 증상을 보일 수 있습니다.,3
토혈이 있으며 중등도나 경증의 출혈성 질환으로 의심되는 환자,3
중등도나 경증의 출혈을 동반한 중증외상 환자,3
"피부에 혹, 돌기, 굳은살이 있고 경미한 호흡곤란을 보이는 환자",3
급성으로 발생한 중증 통증을 호소하며 피부에 유방의 발적이나 압통이 있는 환자,3
"소화기 질환으로 인한 열이 있으며, 직장 내 이물질로 인한 복통과 불편함을 호소하고 있으며, SIRS 기준을 만족하지는 않는 환자",3
"급성 말초성 중증 통증을 호소하는 환자로서, 석고붕대 확인이 필요한 상황",3
장기간의 척추고정이 필요한 두부손상 환자',3
흉통이 있으며 심근경색과는 무관한 열과 함께 있는 환자,3
"열이 있으며, 물질오용 또는 중독으로 인한 증상을 보이는 환자",3
"급성 중심성 중등도 통증을 호소하는 환자로, 소화기 내 구강이나 식도에 이물질이 있는 상황을 의심해볼 수 있습니다.",3
열상이나 천공으로 인한 중등도나 경증의 출혈을 보이는 환자,3
음순부종으로 인한 경증 호흡곤란을 호소하는 환자,3
급성 중심성 중등도 통증을 호소하는 단독 복부 외상을 가진 환자.,3
"피부에 혹, 돌기, 굳은살이 있고 혈역학적으로 안정한 상태에서 비정상적인 맥박수나 맥박압을 보이는 환자.",3
"호흡기 이물질로 인해 호흡에 어려움을 겪고 있으며, 혈역학적으로 안정한 상태에서 비정상적인 맥박수나 맥박압을 보이는 환자.",3
만성 쇠약으로 인해 체력이 저하된 환자,4
"열이 있으나 건강해 보이는 환자, 1SIRS 기준을 충족하는 상태로 음순부종이 의심되는 산부인과 환자",4
열이 있으며 변비 증상을 호소하는 환자,4
급성 중심성 경증 눈통증을 호소하는 환자,4
만성 중심성 중등도 통증을 호소하는 환자,4
전문 진료를 위해 외래를 방문한 환자만성 중심성 중등도(47점) 통증을 호소하는 환자,4
급성 말초성 중등도 통증을 호소하며 눈이 충혈되어 있고 분비물이 나오는 환자,4
열(건강해보임)을 호소하면서 1SIRS 기준을 만족하는 환자,4
급성 중심성 경증 눈통증을 호소하는 환자입니다.,4
만성 떨림을 호소하는 환자,4
출혈이 동반된 찰과상으로 인한 상처가 있는 환자,4
스테이플이나 봉합사를 제거한 후 급격한 말초성 중등도 통증을 호소하는 환자,4
급성 말초성 중등도 통증을 호소하는 피부 상태의 환자.,4
"열이 있으며 객혈이 있는 환자로, SIRS 기준 중 열만 만족시키는 상태인 환자",4
급성으로 발생한 중심성 경미한 눈통증을 호소하는 환자,4
국소성 연조직염을 보이는 발진이 있는 환자,4
"열이 있지만 건강해보이는 상태로, 코피를 경험한 환자",4
"열이 있는 환자로, 패혈증 가능성이 있으며 1SIRS 기준을 충족하는 상태입니다.",4
"눈이 갑자기 매우 밝게 빛나고, 중심 부분에서 가벼운 통증을 느끼는 환자",4
구토나 설사로 인해 탈수의 가능성이 있는 환자,4
"석고붕대가 꽉 끼어 아프지만, 신경혈관 장애는 없는 상지 통증으로 인한 상태입니다.",4
잇몸에서 출혈이 나타나는 환자,4
수술 후 급성 중심성 경증 통증을 호소하는 환자입니다.,4
적은 양의 직장출혈로 인한 혈변이 있는 환자,4
만성 중심성 중등도 통증을 호소하는 환자입니다.,4
"열 증세만 있는 환자로, 건강하게 보이지만 패혈증 가능성을 염두에 둘 필요가 있습니다.",4
"열이 있지만 건강해 보이는 상태로, SIRS 기준 중 열만 만족하는 환자",4
"석고붕대가 꽉 끼어 아프지만, 신경혈관에 특별한 문제가 없는 상지 손상 환자",4
창백하고 피부가 노랗게 보이며 빈혈과 관련된 증상을 보이는 환자',4
"급성으로 발생한 피부 혹, 돌기, 굳은살이 있는 환자로, 중등도 통증을 경험하고 있는 상태입니다.",4
"급성 중심성 경증 통증을 호소하는 성폭행 피해자로, 산부인과 응급실에서 치료를 받아야 하는 환자",4
"급성 중심성 경증 통증을 호소하는 환자로, 복부에 종괴나 팽만이 있는 상황입니다.",4
뜨거운 사지에서 급성 말초성 중등도 통증을 호소하는 환자,4
"열이 있어 건강 상태가 좋아보이는 환자로, 성폭행을 당한 여성으로 의심되며 1SIRS 기준을 만족하는 환자입니다.",4
급성으로 발생한 중등도의 직장 또는 회음부 통증을 호소하는 환자,4
"열이 있으며 건강해보이는 환자, 1SIRS 기준에서 열이 있음",4
"열증상이 있고 1SIRS 기준을 만족하는 환자로, 상태가 건강해보이는 정형외과 환자",4
"열이 있으며 경부에 부종과 통증을 호소하는 환자, 1SIRS 기준을 만족하는 상태",4
"열이 있지만 건강해 보이는 20주 미만의 임신부로, 1SIRS 기준을 만족시키고 있는 환자",4
"복부에만 외상을 입은 환자로, 둔상에 의한 복부 손상을 보이는 환자",4
"성폭행을 당한 환자로 급성 중심성 경증 통증(4점 미만)을 호소하는 경우, 산부인과 응급 상황으로 간주될 수 있습니다.",4
"열' 증상은 있으나 건강해 보이며, 안와 주위에 부종이 관찰되는 환자",4
열이 있으며 물질오용 또는 물질금단으로 인한 증상을 보이는 환자,4
"복부 부위에만 외상이 있으며, 둔 상처로 인한 통증을 호소하는 환자",4
"건강 상태가 좋아보이지만, 열이 있어서 패혈증 가능성을 염두에 둬야 하는 환자",4
만성 말초성 중증 통증으로 괴로워하는 환자,4
열이 있으나 건강상으로 보이는 안와 주위 부종이 있는 환자,4
전문 진료를 위해 의뢰된 급성 중심성 경증 통증 환자입니다.,4
열이 있으나 건강해 보이는 환자,4
급성 말초성 발진으로 인한 중등도 통증을 호소하는 환자,4
열이 있지만 건강한 모습을 보이는 환자,4
"열과 경부 부종으로 인한 통증을 호소하는 환자로, 패혈증 가능성이 있음을 감안할 필요가 있습니다. 1SIRS 기준을 충족하므로 주의가 필요합니다.",4
고환 부위에서의 통증이 있으며 중심성이고 경증인 환자.,4
눈이 갑자기 눈부심을 느끼는 환자,4
"열이 있으나 건강 상태가 양호해 보이며, 혈변 또는 흑색 변을 보이는 환자로 1SIRS 기준을 만족하는 상태입니다.",4
급성 중심성 경증 통증을 호소하는 환자,4
"열 증세만 있는 환자로, 패혈증 가능성을 의심할 수 있음",4
열이 있는 환자이며 객혈이 관찰되었으며 1개의 SIRS 기준을 만족시키는 환자,4
"열이 있으며 중증 외상으로 인한 관통상을 가진 환자로, 1가지의 SIRS 기준(열)만 충족되어 있습니다.",4
전문적인 의료진료가 필요한 만성 말초성 중증 통증을 호소하는 환자,4
급성 중심성 경증 통증을 호소하는 20주 미만의 임신부입니다. 임신 초기에 발생한 통증에 대해 산부인과 전문의의 진료 및 관리가 필요합니다.,4
"열증후군의 가능성이 있는 상태로, 건강해 보이는 환자",4
"열이 있으며 건강해보이는 상태이며, 물질 오용 및 물질 금단의 가능성이 있습니다. 또한 1SIRS 기준을 충족시키는 열이 나타나고 있습니다.",4
급성으로 발생한 말초성 중등도 통증이 있는 환자.,4
열(건강해보임)이 있으며 1SIRS 기준을 만족하는 20주 미만의 임신부입니다.,4
이명 증상을 보이는 환자순청감각에 이상이 있는 환자,4
급성 중심성 경증 통증을 호소하며 경부에 부종이 있을 수 있는 환자.,4
열이 있으며 건강하게 보이는 환자,4
급성으로 발생한 중등도 치아 또는 잇몸 통증을 호소하는 환자양상,4
"귀에서 삼출물이 나오며 귀가 뜨거운 상태인 환자귀의 열이 건강해 보이지만, 1개의 SIRS 기준(고열)을 만족하는 환자",4
급성으로 발생한 중등도의 말초성 통증을 호소하는 환자,4
"회복된 과다호흡증후군으로, 건강하게 보이는 환자",4
"연하곤란이나 호흡곤란이 없고, 구강이나 식도에 이물질이 있는 환자",4
급성으로 발생한 질내 이물질로 인해 말초성 중등도 통증을 호소하는 환자. 해당 증상은 산부인과 응급 상황으로 판단될 수 있습니다.,4
급성 중심성 경증 통증이 있는 환자,4
급성 말초성 중등도 통증을 호소하며 음경부종이 의심되는 환자,4
뜨거운 사지에서 발생한 급성 말초성 중등도 통증을 보이고 있는 환자,4
"열이 있으며 항문이나 직장 부위에 외상이 있는 환자 중, 1SIRS 기준을 만족하는 상태로 건강해보이는 환자",4
열이 있지만 건강상으로는 안정한 상태로 보이는 환자,4
화상이 있고 중등도의 통증을 호소하는 환자,4
급성 중심성 경증 통증을 호소하며 황달이 의심되는 환자.,4
만성으로 발생한 감각 소실이나 이상감각을 호소하는 환자,4
열 증세가 나타나고 있으며 1개의 SIRS 기준을 만족시키는 코외상을 입은 환자,4
"급성 중등도 통증을 호소하며, 하지에 손상이 있는 환자",4
급성 중심성 경증 통증을 호소하는 생리문제로 내원한 환자. 생리통이 심하지 않고 중심부로 국한되어 있습니다,4
급성 중심성 경증 통증을 호소하는 두부손상으로 인한 환자,4
알려진 저독성 물질로 인한 물질오용 또는 중독으로 인한 증상을 보이는 환자,4
만성 말초성 중증 통증을 호소하며 혈뇨 증상이 있는 환자,4
만성 중심성 중등도 통증을 호소하는 인후통 환자,4
만성 중심성 중등도 통증을 호소하며 복부종괴 또는 팽만을 가진 환자,4
"열과 기침, 코막힘 증상이 있으며, SIRS 기준 중 열만 만족하는 환자",4
급성 중심성 경증 통증을 호소하는 급성 상황에 처한 환자입니다.,4
급성 중심성 경증 통증이 있으며 특정 의료 장비로 인한 문제로 인한 환자,4
"석고붕대가 꽉 끼어 아픈 환자로, 신경혈관 장애는 없는 상태",4
열이 있지만 건강상으로는 이상이 없어 보이는 환자1SIRS 기준을 충족하여 열이 있지만 건강해 보이는 환자,4
귀 손상으로 인한 돑상이 있으며 색 변화를 동반하지 않고 경미한 증상을 보이는 환자,4
급성으로 발생한 안와 주위 부종이 동반된 중등도 통증을 호소하는 환자,4
예측 FEV1 혹은 PEER이 60% 이상이고 경증 천식으로 알려진 환자,4
급성 말초성 경증 통증을 호소하는 환자.,5
눈이 붓고 분비물이 나오며 만성적인 말초성 통증을 호소하는 안과 환자,5
급성으로 발생한 하지의 경증 통증이 있는 환자,5
"전염성 질환에 노출된 상황으로, 예방접종 여부와 증상 유무를 확인해야 합니다.",5
코 울혈을 동반한 건초열 진단을 받은 환자,5
만성 말초성 통증을 호소하며 동상 또는 냉 손상으로 인한 피부 손상을 가진 환자,5
만들어진 텍스트만성 중심성 경증 통증을 호소하는 경부부종 환자 (통증 점수 <4),5
눈이 충혈되어 있고 동시에 눈에서 분비물이 나오며 만성적인 증상을 보이는 환자,5
급성으로 발생한 말초성 음경부종으로 인해 경증 통증을 호소하는 환자.,5
눈이 붉거나 눈물이 많이 나는 만성 안구 질환으로 발생한 눈충혈과 분비물을 호소하는 환자,5
급성으로 발생한 상지 통증이 있으며 경증(통증 점수 < 4)인 환자.,5
급성으로 발생한 소화기 직장이나 회음부에 위치한 말초성 경증 통증을 호소하고 있는 환자입니다.,5
"급성 말초성 경증 통증을 호소하는 환자 중 질 내 이물질이 의심되는 경우, 산부인과 진료가 필요합니다. ",5
"귀가 상처를 입은 환자로, 봉합이 필요하지 않은 경미한 상처가 있는 경우",5
요통 증상이 있으며 정형외과를 방문한 환자,5
"전문 진료를 위해 의뢰된 환자로, 급성 말초성 경증 통증을 호소하고 있습니다.",5
만성 말초성 통증으로 인한 관절 부종이 있으며 통증이 경미한 환자,5
"급성 말초성 경증 통증을 호소하는 환자, 특히 비 심인성의 흉통을 겪는 환자",5
만성 중심성 경증 통증을 호소하고 있는 환자 중에서 복부종괴나 팽만이 의심되는 경우,5
심혈관 질환으로 인한 비 심인성 흉통을 호소하는 환자,5
만성 중심성 경증 통증을 호소하는 환자,5
관절 부위에 부종이 발생한 환자환자의 관절 부위에 부종이 나타나는 증상을 보이고 있는 상태,5
급성으로 눈에 이물질이 들어간 환자,5
급성으로 발생한 말초성 경증 통증을 호소하는 요로감염 환자.,5
관절 부종으로 인한 통증이 있는 환자,5
급성으로 발생한 질내 이물질로 인한 말초성 경증 통증을 호소하는 환자.,5
질 부위에서 통증과 가려움이 동반된 환자,5
만성 말초성 통증으로 인한 비 심인성 흉통을 호소하는 환자,5
급성 말초성 경증 치험으로 인한 통증이 있는 치아 또는 잇몸 문제를 가진 환자,5
"급성으로 발생한 손 상처가 있는 환자로, 경증의 통증을 느끼는 상태입니다.",5
눈에 충혈이 있고 만성적인 말초성 통증을 호소하며 분비물이 나오는 환자,5
화상으로 인한 경증 통증을 호소하는 환자,5
만성 중심성 경증 통증을 호소하는 황달 환자,5
신체의 샅고랑 부위에서 통증을 호소하는 환자종괴와 함께 샅고랑 부위에서 통증을 호소하는 환자,5
경미한 찰과상을 입은 환자,5
만성 중심성 경증 통증을 호소하는 요통 환자,5
급성으로 발생한 음경부종으로 인해 경증 통증을 호소하는 환자,5
"황달 증상은 보통 황달, 전체적인 건강 상태는 양호한 것으로 보입니다.",5
"급성으로 발생한 눈에 이물질이 들어간 상태로, 말초성이며 경증한 통증을 호소하는 환자",5
직장내 이물질이 있는 환자이물질로 인한 소화기 질환을 의심할 수 있는 환자,5
하반신에 외상을 입은 환자로서 만성적인 경증 통증을 호소하는 경우,5
만성 중심성 경증 통증을 호소하는 요로감염 증상이 있습니다.,5
"만성 중심성 경증 통증을 호소하는 환자로, 특히 옆구리에 통증을 느끼는 환자.",5
급성으로 발생한 코에 이물질이 있어서 경증 통증(<4점)을 느끼는 환자,5
요통으로 인한 만성 중심성 경증 통증이 있으며 통증 점수가 4미만인 환자,5
"유방에 발적이 있고 압통을 느끼며, 급성 말초성 경증 통증을 호소하는 환자",5
"하지 부위에 외상을 입은 환자로, 만성적이고 경미한 통증을 호소하는 상황을 의미합니다.",5
만성 중심성 경증 통증을 호소하는 요로감염 환자.,5
만성 중심성 경증 눈 통증으로 발생한 통증이 가벼운 환자,5
"급성 말초성 경증 통증을 호소하는 환자, 안면 외상이 의심되는 경우",5
영상학적 검사를 통해 질병이나 이상을 확인하는 일반적인 방법,5
급성으로 발생한 가려움증과 경증 질통증이 있는 환자,5
만성 말초성 통증을 호소하며 눈충혈과 분비물이 있는 환자,5
급성으로 발생한 말초성 경증 통증을 호소하는 치아 또는 잇몸 문제가 있는 환자.,5
"정상 검사 결과를 보유하고 있으며, 활력징후도 확인되어 위험한 수치는 아닌 환자입니다.",5
동상 또는 냉 손상으로 인한 피부 손상이 있는 환자,5
생식기 외상으로 인한 통증이 없는 환자,5
음경부종으로 인한 통증이나 종양이 발견된 환자,5
동상 또는 냉 손상으로 인해 피부 손상이 있는 환자,5
만성적인 말초성 통증으로 호소하는 환자,5
"유방 부위에 발적이나 압통이 있는 환자로, 급성 말초성 경증 통증이 있는 경우 (<4 점수)",5
급성으로 발생한 말초성 경증 통증을 호소하는 환자,5
만성 말초성 통증을 호소하는 상지 손상 환자 중 통증 점수가 8점 미만인 경우,5
상처를 보호하고 청결을 유지하기 위해 드레싱을 교체해야 하는 상황입니다,5
"급성으로 발생한 소화기 직장에 이물질이 있고, 경증 통증을 호소하는 환자",5
"급성 말초성 경증 통증을 호소하는 환자로, 질 분비물 관련 증상이 있습니다",5
급성 말초성 경증 통증을 호소하며 안와 주위에 부종이 있는 환자,5
동상이나 냉 손상으로 인한 피부 손상이 있는 환자,5
"급성으로 발생한 피부의 혹, 돌기, 굳은살이 있고, 경증 통증이 있는 환자입니다.",5
소양증으로 인한 급성 말초성 경증 통증을 호소하는 환자,5
샅고랑부위(Groin) 통증을 호소하는 환자만성 중심성 경증 통증(<4)을 호소하는 환자,5
"만성 말초성 통증이 있는 환자로, 동상/냉 손상으로 인한 피부 손상과 관련된 증상을 보이는 상태",5
급성으로 나타난 코 이물질로 인한 말초성 경증 통증이 있는 환자.,5
만성 중심성 경증 통증을 호소하며 요로감염이 의심되는 환자,5
음경부에 종양 또는 낭종이 발생한 환자,5
경증의 인후통 증상을 보이며 후두염 가능성이 있는 환자,5
만성 말초성 통증을 호소하며 생식기의 분비물이나 피부병변이 있는 환자,5
국소성 발진이 있는 피부 질환으로 발진 부위가 국한되어 있는 환자,5
만성 말초성 통증을 호소하며 음경부종이 확인된 환자,5
만성 말초성 통증이 있으며 관절 부종이 관찰되는 환자,5
만성 중심성 경증 통증을 호소하면서 소변을 배출하는 데 어려움을 겪는 환자입니다.,5
급성 말초성 관절 부종으로 인한 경증 통증을 호소하는 환자,5
생식기의 분비물과 피부병변으로 인해 급성 말초성 경증 통증을 호소하는 환자,5
만성 중심성 경증 통증을 호소하고 있는 경부부종으로 내원한 환자,5
이환자는 소화기 직장내에 이물질이 있는 상황으로 급성 복통과 변비를 호소하고 있습니다. 복부 수술이 필요할 수 있습니다.,5
석고붕대를 확인하거나 교환해야 하는 환자환자의 석고붕대를 체크하거나 교환해야 하는 상황,5
급성 말초성 상지 손상으로 인한 경증 통증을 호소하는 환자,5
양측 다리에 부종이 있고 만성적인 경우,5
전문 진료를 위해서 의뢰된 환자전문진료를 위해 의뢰된 환자,5
